id,title
11,MOONRISE KINGDOM
12,WESTWORLD
13,ARI SHAFFIR ON TIGER BELLY PODCAST
746,AMERICAN PIE.
14,EVENING WITH KEVIN SMITH
15,COFFEE AND KAREEM
16,REAL TIME WITH BILL MAHER
17,GROWING ORGANIC TUTORIAL
18,POINT BREAK
19,WAITING
20,THE DICTATOR
21,MYTHIC QUEST RAVEN'S BANQUET
747,THE WAITE LOTUS GRAND TOUR - A SCANDI FLICK
748,AMERICAN PIE 2
749,AMERICAN WEDDING 
750,HAROLD KUMAR GO TO WHITE CASTLE
751,LORD OF WAR
22,DEVS
23,UFC189
24,GRAND TOUR - NAMIBIA SPECIAL
25,KINGDOM OF HEAVEN
26,KEVIN SMITH
27,BILL AND TED'S EXCELLENT ADVENTURE
28,BILL AND TED'S BOGUS JOURNEY
29,OCEAN'S EIGHT
30,JAY AND SILENT BOB REBOOT
31,OCEAN'S ELEVEN
32,JOE ROGAN ROCKY MOUNTAIN HIGH
33,28 WEEKS LATER
34,SMOKEY AND THE BANDIT
35,ARI SHAFFIR - DOUBLE NEGATIVE - ADULTHOOD
36,PINEAPPLE EXPRESS
37,HOW HIGH
38,HALF BAKED
39,GRANDMA'S BOY
40,JAY AND SILENT BOB STRIKES BACK
41,JOE ROGAN LIVE
42,#BLACKAF
43,TENACIOUS D THE PICK OF DESTINY
752,ROYAL TENVENBAUMS
753,WOLF OF WALL STREET
754,TOM SEGURA - DISGRACEFUL
47,SPARTACUS
44,LA CONFIDENTIAL
45,THE INTERVIEW
46,BAD EDUCATION
48,NEVER HAVE I EVER
49,TROPIC THUNDER - RDJ COMMENTARY
50,BORAT
51,BARRY LYNDON
52,FULL METAL JACKET
53,WESTWORLD
54,EYES WIDE SHUT
55,ZODIAC
56,BECKETT
57,HOT FUZZ
58,MAKING OF HOT FUZZ
59,UFC 249
60,BLOOD QUANTUM
61,MARC NORMAND - OUT FOR LUNCH
62,BIG LEBOWSKI
63,MO AMER - VAGABOND
64,SEVEN SAMURAI
65,CITY OF GOD
66,THE INVINCIBLES
67,SCOOB
68,UFC 171
69,CAPONE
70,UFC FIGHT NIGHT
71,BAD TRIP
72,DARJEELING LIMITED
73,OCEAN'S TWELVE
74,UPLOAD
75,THE LEAGUE
76,JOHN WICK
77,MARC NORMAND - OUT FOR LUNCH
78,BAD TRIP
79,MANSTEALIA
80,MODERN TIMES
81,LEON THE PROFESSIONAL
402,PITCH BLACK
665,THE BUBBLE
104,DA 5 BLOODS
105,MOTORCYCLE DIARIES
106,SWEARNET
107,TRAILER PARK BOYS THE MOVIE
108,TRAILER PARK BOYS COUNTDOWN TO LIQUOUR DAY
109,TRAILER PARK BOYS
110,TRAILER PARK BOYS DON'T LEGALIZE IT
111,FIGHT CLUB
112,ERIC ANDRÉ - LEGALIZE EVERYTHING
113,ROCK N ROLLA
114,OCEAN'S THIRTEEN
115,DO THE RIGHT THING
116,TRAILER PARK BOYS OUT OF THE PARK - EUROPE
117,TRAILER PARK BOYS OUT OF THE PARK - USA
118,EUROVISION - FIRE SAGA STORY
119,THE SPY WHO CAME IN FROM THE COLD
120,TRAFFIC
121,THE LAST PICTURE SHOW
122,HAMILTON - LIVE
123,HANNIBAL BURRESS
124,ROY KOHN STORY
125,CRAZY RICH ASIANS
126,NIMESH PATEL SPECIAL
127,KING OF STATEN ISLAND
128,REPO MEN
129,LOUIS THEROUX
130,THE OLD GUARD
434,OWNING MAHONEY
697,LAGAAN
2,TOM SEGURA BALL HOG
3,GENTLEMEN
4,BETTER CALL SAUL
5,ADJUSTMENT BUREAU
10,CLUE
811,CRAZY
151,AN AMERICAN PICKLE
152,BAD TRIP
153,JOE LIST
154,PERRY MASON
155,PROJECT POWER
156,MAGNUM DOPUS: MAKING OF JAY AND SILENT BOB
157,TED LASSO
158,BEASTIE BOYS STORY
159,STAR WARS - A NEW HOPE
364,HER
160,BILL AND TED'S EXCELLENT ADVENTURE
161,GENTLEMEN
162,THE MAN WHO FELL TO EARTH
163,HORRIBLE BOSSES
164,GUNS AKIMBO
165,SCOTCH: A GOLDEN DREAM
166,BILL AND TED'S BOGUS JOURNEY
167,BILL AND TED FACE THE MUSIC
168,NHL - INSIDE THE BUBBLE
169,THE GRADUATE
170,JOE ROGAN LIVE
171,DJANGO UNCHAINED
172,JURASSIC PARK
173,TITANIC
174,MULAN - ANIMATED
175,WOLF OF WALL STREET
176,OUR SOCIAL DILEMMA
177,ALL OR NOTHING
178,CAPITAL IN THE 21ST CENTURY
179,BATMAN BEGINS
180,BOJACK HORSEMAN
181,BTS DARK KNIGHT TRILOGY
182,BTS GEORGE MILLER MAD MAX FURY ROAD
183,BTS GETTING MADE - MAKING OF GOODFELLAS
184,TRAVELS WITH MY FATHER
185,DARK KNIGHT RISES
186,THE DARK KNIGHT
187,BADLANDS
188,ENOLA HOLMES
189,BUMPING MICS
190,DR JASON LEONG
191,CONTACT
192,UTOPIA
193,JOE ROGAN ROCKY MOUNTAIN HIGH
194,SONG EXPLODER
195,DR JASON LEONG
196,CHILDREN OF MEN
197,KINGDOM OF SILENCE
198,AN AMERICAN IN PARIS
199,THE CABIN WITH BERT KREISHER
200,BORAT
201,THE TRIAL OF THE CHICAGO 7
202,CANADIAN BACON
203,THE GIRL WITH THE DRAGON TATTOO
204,BORAT SUBSEQUENT MOVIE FILM
205,ALI G IN DA HOUSE
206,1991
207,A LEAGUE OF THEIR OWN
208,THE PERFECT WEAPON
209,LEGALLY BLONDE
210,SUCCESSION
211,PADDINGTON BEAR
212,PRISONNERS
213,ENEMY
214,KEVIN HART
215,PADDINGTON BEAR 2
216,THE INVENTOR: OUT FOR BLOOD IN SILICON VALLEY
217,CANDLE SNOW AND MISTLETOE
218,A VERY MERRY CHRISTMAS
233,DIE HARD
495,CASABLANCA
82,TOKYO STORY
83,DOUG STANHOPE - DYING OF THE LAST BREED
84,SAM MORRIL
85,BREAKFAST CLUB
86,LAST DANCE
87,LOVEBIRDS
88,CHUNGKING EXPRESS
89,HANNAH GATSBY - DOUGLAS
90,MULHOLLAND DRIVE
91,SEVENTH SEAL
92,"I, TONYA"
93,LOUIS THEROUX - JOE EXOTIC
94,TIGER KING
95,THE PIANO TEACHER
96,BLADE RUNNER 2049
97,GENTLEMEN
98,FISTS OF FURY
99,THE TROTSKY
100,ANDREI RUBLOV
101,J-P AND DIANE'S CORONAVIRUS SPECIAL
102,THE SHOCK DOCTRINE
103,BAD TRIP
131,JOHN WICK 3
132,UP IN SMOKE
133,LITTLE FIRES EVERYWHERE
134,PALM SPRINGS
135,YOJIMBO
136,NORMAL PEOPLE
234,SPIDERMAN INTO THE SPIDERVERSE
235,MANK
236,ARMAGEDDON
237,HAROLD AND KUMAR GO TO WHITE CASTLE
239,EDGE OF TOMORROW
219,TWELVE DAYS OF CHRISTMAS
220,SICARIO
221,ARI SHAFFIR: PASSIVE AGGRESSIVE
137,VIDEODROME
138,STAGECOACH
139,LORD OF THE RINGS: THE FELLOWSHIP OF THE RINGS - EXTENDED EDITION
140,FISTFUL OF DOLLARS
141,AGE OF SURVEILLANCE CAPITALISM
142,THE LIGHTHOUSE
143,MOST WANTED
144,A WOMAN UNDER THE INFLUENCE
145,LORD OF THE RINGS: THE TWO TOWERS
146,LORD OF THE RINGS: THE RETURN OF THE KING
147,THUMBS UP: DAVID CHOE HITCHHIKING AMERICA
148,SAM JAY - 3AM IN THE MORNING
149,ANELKA: MISUNDERSTOOD
150,RADIOACTIVE
222,RELIGULOUS
223,INCENDIES
224,TENET
225,DUBOIS V JOYCE
226,UFC: SMITH V CLARK
227,BOXING - MIKE TYSON V ROY JONES JR
228,ARRIVAL
229,POLYTECHNIQUE
230,THE UNDOING
231,LOOKING FOR RICHARD
793,IN BRUGGES
232,JOE ROGAN LIVE
238,A VERY SUNNY CHRISTMAS SPECIAL
240,APOCALYPSE NOW
241,THE SIMPSONS MOVIE
242,SHUTTER ISLAND
243,ALIEN
244,DISTRICT 9
245,ONCE UPON A TIME IN HOLLYWOOD
246,THE MATRIX
247,COMPUTER BOY MATRIX SPOOF
248,GRAND TOUR A MASSIVE HUNT
249,SCHULTZ SAVES THE WORLD
250,THE MANDOLORIAN SEASON 2
251,VIR DAS ' OUTSIDE IN
252,THE SANTA CLAUSE
253,JINGLE ALL THE WAY
254,MICKEY'S CHRSITMAS CAROL
255,CHRISTMAS WITH THE KRANKS
256,IT'S A WONDERFUL LIFE
257,MUPPET'S CHRISTMAS CAROL
258,HOW THE GRINCH STOLE CHRISTMAS
259,MIRACLE ON 34TH STREET
260,TPB CHRISTMAS SPECIAL
261,MICKEY'S ONCE UPON A CHRISTMAS
262,A CHRISTMAS CAROL
263,SCROOGED
264,JOE ROGAN LIVE
265,HOLMES AND WATSON
266,LEWIS BLACK ' THANKS FOR RISKING YOUR LIFE
267,CANADIAN STRAIN
268,JESUS TREJO ' STAY AT HOME SON
269,BERT KREISHER ' THE MACHINE
270,SOUL
271,WW1984
272,MA RAINEY'S BLACK BOTTOM
273,DEATH TO 2020
274,PINOCCIO (2019)
275,TEAM AMERICA WORLD POLICE
276,SKYFALL ' DIRECTOR`S COMMENTARY
277,ZERO DARK THIRTY
278,V FOR VENDETTA
279,STEP BROTHERS
280,VAN WILDER
281,MOLLY’S GAME
282,JOHNNY ENGLISH STRIKES AGAIN
283,O BOTHER WHERE ART THOU
284,CASINO ROYALE
285,HEAT
286,HEADSPACE GUIDE TO MEDITATION
287,MINARI
288,PRETEND IT’S A CITY
289,BOOK OF ELI
290,COPS AND ROBBERS
291,INDUSTRY
292,THE RELUCTANT LANDLORD
293,GET HIM TO THE GREEK
294,CHRIS ROCK TOTAL BLACKOUT
295,THE DISSIDENT
296,NATHAN FOR YOU: FINDING FRANCES
297,NATHAN FOR YOU
298,ONE NIGHT IN MIAMI
299,HECTOR BELLERIN – UNSEEN JOURNEY
300,ELVIS GRATTON – KING DES KINGS
301,MIKE WARD – AU BORDEL
302,PROMISING YOUNG WOMAN
303,NEWS OF THE WORLD
304,NOMADLAND
305,SOUND OF METAL
306,"I LOVE YOU, MAN"
307,QUANTUM OF SOLACE
308,PUTIN’S PALACE – HISTORY OF THE WORLD’S LARGEST BRIBE
309,DAN SODER – SON OF GARY
310,LUPIN
311,ON THE ROCKS
312,WHITE TIGER
313,LOCKED DOWN
314,WHEN HARRY MET SALLY
315,CONAN O’BRIAN – CAN’T STOP
316,SOCIAL NETWORK – FINCHY COMMENTARY
317,COMING TO AMERICA
318,GROUNDHOG DAY
319,KILL BILL VOL 1
320,KILL BILL VOL 2
321,ELVIS GRATTON 2
322,INTERSTELLAR
323,INCEPTION
324,CASINO
325,I AM LEGEND – COMMENTARY TRACK
326,MAMBO ITALIANO
327,INDIANA JONES: RAIDERS OF THE LOST ARK
328,ELVIS GRATTON 3 – REVENGE DE ELVIS WONG
329,INCEPTION
330,FRAMING BRITNEY SPEARS
331,THE CORPORATION
332,FIVE YEAR ENGAGEMENT
333,GET OUT
334,THE NEW CORPORATION
335,SPECTRE
336,DAVE ATTELL – CAPTAIN MISERABLE
337,JACKI BROWN
338,THE SISTER
339,IRRESISTABLE
340,PIRATES OF THE CARIBBEAN – THE CURSE OF THE BLACK PEARL
341,PIRATES OF THE CARIBBEAN – DEAD MAN’S CHEST
342,TOM AND JERRY
343,THE MORNING SHOW
344,JUDAS AND THE BLACK MESSIAH
345,BILL BURR – SORRY YOU FEEL THAT WAY
346,EX MACHINA
347,SHERLOCK HOLMES
348,ELYSIUM
349,FIFTH ELEMENT
350,PIRATES OF THE CARIBBEAN – ON STRANGER TIDES
351,BOB SAGET – THAT AIN’T RIGHT
352,WE ARE THE MILLERS
353,INSIDE MAN
354,SWAT
355,COMING 2 AMERICA
356,SHAZAM
357,TWELVE MONKEYS
358,AMERICAN GANGSTER
359,RAYA AND THE LAST DRAGON
360,JERROD CARMICHAEL – 8
361,OPRAH WINFREY WITH MEGHAN AND HARRY
362,NEIGHBORS
363,KNOCKED UP
365,EASTERN PROMISES
366,50/50
367,OFFICE SPACE
368,(500) DAYS OF SUMMER
369,DESUS AND MERO
370,FAKE FAMOUS
371,MICHELLE WOLF – NICE LADY
372,ENTER THE DRAGON
373,YESTERDAY
374,AFTER TRUTH – MISINFORMATION AND THE COST OF FAKE NEWS
375,THE LAST BLOCKBUSTER
376,KEVIN SMITH: BURN IN HELL
377,THE APOLLO
378,TRACY MORGAN (SHOWTIME)
379,JOEY DIAZ – THE DEGENERATES
515,THE SUICIDE SQUAD
380,BILL BURR – YOU PEOPLE ARE ALL THE SAME
381,HENRY RAWLINS: KEEP TALKING PAL
382,SETH MEYERS – LOBBY BABY
383,RONNY CHEUNG – ASIAN COMEDIAN DESTROYS AMERICA
384,LOYISO GOLA – THE UNLEARNING
385,SPIDERMAN (2002)
386,VICE IN NORTH KOREA
387,NETFLIX PRESENTS: BAD TRIP
388,DEAD SET
389,MISSION: IMPOSSIBLE
390,CHRIS ROCK – BIGGER AND BLACKER
391,MISSION: IMPOSSIBLE 2
392,MISSION: IMPOSSIBLE 3
393,IRON MAN
394,WE'RE THE MILLERS
395,ALLEN V FARROW
396,CONCRETE COWBOYS
397,THE FATHER
398,MISSION IMPOSSIBLE GHOST PROTOCOL
399,MISSION IMPOSSIBLE: ROGUE NATION
400,MISSION IMPOSSIBLE: FALLOUT
401,CODED BIAS
403,CHRONICLES OF RIDDICK
404,LINDSEY ELLIS MASK OFF
405,RIDDICK
406,NOBODY
407,GODZILLA V KONG
408,SPIDER MAN 2
409,MR ROBOT
410,SPIDER MAN 3
411,PUNCH DRUNK LOVE
412,AMAZING SPIDERMAN
413,RALPHIE MAY: UNRULY
414,JAWS
415,JIMMY O YANG - GOOD DEAL
416,MAGNOLIA
417,INDIANA JONES THE TEMPLE OF DOOM
418,INSECURE
419,AMAZING SPIDERMAN 2
420,Q INTO THE STORM
421,TRUE ROMANCE
422,FRUITVALE STATION
423,JUMANJI
424,SAW
425,IRON MAN 2
426,IRON MAN 3
427,ARMY OF THE DEAD
428,HATING PETER TATCHEL
429,WEIRD SCIENCE
430,CROUCHING TIGER HIDDEN DRAGON
431,COLLATERAL
432,I CARE A LOT
433,BORAT- EXTRA FEATURES
435,MASTER OF NONE
436,BEING JOHN MALKOVICH
437,LAW ABADING CITIZEN
438,SAVING PRIVATE RYAN
439,DEEP SHOW
440,BO BURNHAM INSIDE
441,OSLO
442,EIGHTH GRADE
443,SPACE JAM
444,LETHAL WEAPON
445,IDIOCRACY
446,KAJILLIONAIRE
447,LUPIN
448,CITIES HELD HOSTAGE
449,WE'RE WE MILLERS
450,SILK ROAD
451,IN THE HEIGHTS
452,GHANDI
453,WHAT'S EATING GILBERT GRAPE
454,LATE NIGHT
455,LUCA
456,BACK TO THE FUTURE
457,H3 DEBATE-SAM SEDER V STEVEN COWARD CROWDER
458,GOOD ON PAPER (NETFLIX)
459,I THINK YOU SHOULD LEAVE
460,LONG SHOT
461,CLARKSON'S FARM
462,GATTACA
463,MYTHIC QUEST S2
464,FIRST BLOOD
465,WITCHES
466,NO SUDDEN MOVE
467,JUST ANOTHER IMMIGRANT
468,ROMESH IN AMERICA
469,THE LITTLE THINGS
470,YOU DON'T KNOW ME
471,INGLORIOUS RASTARDS
472,THE VOW
473,BRIDESMAIDS
474,LOCK STOCK TWO SMOKING BARRELS
475,SATURDAY NIGHT FEVER
476,RAMBO: FIRST BLOOD II
477,ARGO
478,MALLRATS
479,HOW TO W/ JOHN WILSON
480,RAMBO 3
481,BEE GEES HOW CAN YOU MEND A BROKEN HEART
482,NEVER HAVE EVER
483,SPACE JAM-A NEW LEGACY
484,RAMBO (4)
485,NETWORK
486,RAMBO (5) LAST BLOOD
487,CRIME OF THE CENTURY
488,JERROD CARMICAEL-LOVEAT TELE STONE
489,BACK TO THE FUTURE: PART 2
490,BACK TO THE FUTURE-PART 3
491,APOLLO 13
492,I THINK YOU SHOULD LEAVE S2
493,ROCKY MOUNTAIN HIGH
494,MAD MAX FURY ROAD
496,JUNGLE CRUISE
497,SUCCESSION
498,AN HONEST LAR
499,WE'RE THE MILLERS
500,GRAND TOUR- LOCHDOWN
501,ASSASSINATION OF JESSE JAMES BY THE COWARD ROBERT FORD
502,PATRICE ONEILL KILLING IS EASY
503,PATRICE O'NEAL ELEPHANT
504,IN THE ROOM
505,LOGAN LUCKY
506,THE AVIATOR
507,CONTRA POINTS ENVY
508,JRE YEONMI PARK
509,ROADRUNNER A FILM ABOUT TONY BOURDAIN
510,DUNE
511,ALIENS
512,WOOD STOCK 99- PEACE LOVE + RAGE
513,PHIL WANG PHILLY PHILLY WANG WANG
514,GUESS WHO'S COMING TO DINNER
516,UNCLE BUCK
517,COOL RUNNINGS
518,ALIEN 3
519,(DC) THE GIRL THE DRAGON TATOO
520,STILLWATER
521,THE GREEN KNIGHT
522,MY FAIR LADY
523,REMINISCENCE
524,THE LIFE OF BRIAN
525,SOURCE CODE
526,SNAKE EYES GI JOE ORIGINS
527,GRAVITY
528,EASY RIDERS
529,TAKEN
530,VACATION FRIENDS
531,TAKEN 2
532,TAKEN 3
533,JERRY MAGUIRE
534,WOLF OF WALL STREET
535,ANNIHILATION
536,THE ASSISTANT
537,TRAVELS W/ MY FATHER
538,JOHN ADAMS
539,IN THE BEDROOM
540,MANY SAINTS OF NEWARK
541,DAVE CHAPELLE-THE CLOSER
542,SQUID GAME
543,CLERKS
544,LE MENTEUR
545,OUT FOR LUNCH
546,DOUGLAS
547,KIM DOTCOM: THE MOST WANTED MAN ONLINE
548,SUCCESSION
549,GENTLEMEN
550,ALL GOOD THINGS
551,GHOST
552,CLERKS 2
553,THE JINX-THE LIFE + DEATHS OF ROBERT DURST
554,DUNE
555,BATTLE ROYALE
556,KNIVES OUT
557,NO TIME TO DIE
558,WE'RE THE MILLERS
559,RED NOTICE
560,AN AUDIENCE W/ ARSENE WENGER + DAVID DEAN
561,MICHAEL CHE SHAME THE DEVIL
562,LAST NIGHT IN SOHO
563,LE TRIBUNAL POPULAIRE
564,DIE HARD
565,PARASITE
566,8 MILE
567,SOUTH PARK POST COVID
568,F IS FOR FAMILY
569,PASSIVE AGGRESSIVE ARI SHAFFIR
570,LOVE ACTUALLY
571,POWER OF THE DOG
572,SPENCER
573,BELFAST
574,RUSSEL HOWARD LUBRICANT
575,RUSSELL HOWARD UNTIL THE WHEELS COME OFF
576,HARRY POTTER & PHILOSOPHER STONE
577,14 PEAKS
578,GRAND TOUR-CARNAGE A TROIS
579,CRANK
580,SUCCESSION
581,CRANKED 2: HIGH VOLTAGE
582,IT'S A WONDERFUL LIFE
583,DON'T LOOK UP
584,MUPPETS CHRISTMAS CAROL
585,MATRIX RELOADED
586,MATRIX REVOLUTIONS
587,MATRIX RESURRECTIONS
588,JIMMY CARR HIS DARK MATERIALS
589,INSECURE
590,HARRY POTTER THE CHAMBER OF SECRETS
591,FRENCH DISPATCH
592,GET BACK
593,HARRY POTTER THE PRISONER OF AZKABAN
594,HARRY POTTER AND THE GOBLET OF FIRE
595,DEATH TO 2021
596,HARRY POTTER AND THE ORDER OF THE PHOENIX
597,HARRY POTTER THE HALF BLOOD PRINCE
598,HARRY POTTER THE DEATHLY HALLOWS PT1
599,HARRY POTTER AND THE DEATHLY HALLOWS PT2
600,HARRY POTTER 20 YR REUNION - RETURN TO HOGWARTS
601,THE SUPER BOB EINSTEIN MOVIE
602,LANDSCAPERS
603,CURIOUS CASE OF BENJAMIN BUTTON
604,THE LAST DUEL
605,APOCALYPSE NOW
606,LAWRENCE OF ARABIA
607,LOST DAUGHTER
608,BEING THE RICARDOS
609,TICK TICK BOOM
610,CRAIG FURGUSON - TICKLE FIGHT
611,CODA
612,SHREK
613,TALLADEGA NIGHTS
614,MATRIX RESURRECTION
615,SHREK 2
616,ANCHORMAN
617,ANCHORMAN 2
618,MAINSTREAM
619,THE CAMPAIGN
620,LOGAN LUCKY
621,KISS KISS BANG BANG
622,THE PLOT AGAINST AMERICA
623,AFTER LIFE
624,MUNICH EDGE OF WAR
625,MONEY BALL
626,STATION ELEVEN
627,BEANIE MANIA
628,FREE GUY
629,BAND OF BROTHERS
630,HOW TO W/ JOHN WILSON
631,THE TINDER SWINDLER
632,THE NIGHT OF
633,ALL WONG- DON WONG
634,ICHAN: THE RESTLESS BILLIONAIRE
635,THE SWAMP
636,I WANT YOU BAD
637,WE NEED TO TALK ABOUT
638,THE MASTER
639,LICORICE PIZZA
640,KING RICHARD
641,DJANGO AND DJANGO
642,EUPHORIA
643,EARTHQUAKE
644,84 CHARING CROSS STATION
645,THE PEOPLE VS LARRY FUNT
646,THE TRAGEDY OF MACBETH
647,JEEN-YUHS
648,WEST SIDE STORY
649,DRIVE MY CAR
650,NIGHTMARE ALLEY
651,THE EYES OF TAMMY FAYE
652,MITCHELLS VS THE MACHINES
653,TAYLOR TOMLINSON- LOOK AT YOU
654,SHACKLETON
655,FLEE
656,SORRY TO BOTHER YOU
657,PAUL TAYLOR FRANGLAIS
658,CYRANO
659,GIRL W/ THE DRAGON TATOO DC
660,PHOENIX RISING
661,A HISTORY OF VIOLENCE
662,BETWEEN TWO FERNS
663,SPIDER MAN HOMECOMING
664,GONE GIRL DC
666,GOING CLEAR
667,ROAD TO PERDITION
668,RONNIE CHIENG: SPEAK EASY
669,PLATOON
670,GOOD MORNING VIETNAM
671,TOP GEAR VIETNAM
672,BILL MAHER ADULTING
673,TREME
674,PAUL RABLIAUSKAS - UNCLE
675,CHRISTINA P MOM GENES
676,RICKY GERVAIS - SUPER NATURE
677,EVERYTHING EVERYWHERE ALL AT ONCE
678,THE NORTHMAN
679,NAVALNY
680,SEVERANCE
681,MR PLINKET EP 1
682,STAR WARS EPI- THE PHANTOM MENACE
683,NORM MACDONALD NOTHING SPECIAL
684,GOODFELLAS
685,STAVROS HALKIAN- LIVE @ THE LODGE ROOM
686,GEORGE CARLIN - THE AMERICAN DREAM
687,WE'RE THE MILLERS: EXTENDED EDITION
688,BARRY
689,TOP GUN
690,CHILDREN OF MEN
691,UNBEARABLE WEIGHT OF MASSIVE TALENT
692,HACKS
693,A TOUCH OF EVIL
694,JERROD CARMICHAEL ROTLIANIEL
695,GANGS OF WASSEYPUR
696,PAUL VIRZI-NOCTURNAL ADMISSIONS
698,THE BATMAN
699,I LOVE THAT FOR YOU
700,STAR WARS EPISODE II ATTACK OF THE CLONES + MR PLINKETT
701,WE OWN THIS CITY
702,THE DIANNE SMITH EXPERIENCE
703,KYLE BROWNRIGG
704,DAVE CHAPELLE: WHAT'S IN A NAME
705,STAR WARS EP III REVENGE OF THE SITH
706,BILL BURR LIVE AT RED ROCK
707,UNTOUCHABLES
708,GODFATHER PART I - DC
709,GODFATHER PART II- DC
710,HOT FUZZ-DC EDGAR WRIGHT QUENTIN TARANTINO
711,A VERY ENGLISH SCANDAL
712,A VERY BRITISH SCANDAL
713,BUB'S BURGER'S THE MOVIE
714,MAMBO ITALIANO
715,MILK
716,WHITNEY CUMMINGS: JOKES
717,THE GREY MAN
718,TOP FIVE
719,BILL BURR LIVE AT RED ROCK. UNTOUCHABLES. NHQJWST NHQ FOUST
720,GODFATHER PARTI - DC
721,GODFATHER PART 11 - DC
722,HOT FUZZ-DC EDGAR WRIGHT
723,QUENTIN TARANTINO A VERY ENGLISH SCANDAL
724,BOB'S BURGER'S THE MOVIE. MAMBO ITALIANO
725,MILK
726,THIRTEEN LIVES
727,ELVIS
728,JAMES MAY: OUR MAN IN ITALY
729,BEITER CALL SAUL
730,THG ANARCHISTS.
731,ALL OR NOTHING: ARSENAL
732,VENGEANCE. INSIDE OUTTAKES
733,UNFORGIVEN
734,UNPRECEDENTED.
735,ATTACK ON TITAN BATTAILE POUR L'AME DU QUEBEC
736,APOCALYPSE NOW
737,SAM MORRIL: SAME TIME TOMORROW
738,HEARTS OF DARKNESS
739,SUCCESSION
740,MRS PAT - Y'ALL WANNA HEAR SOMETHING CRAZY?.
741,PLANES TRAINS + AUTOMOBILE
742,SHENG WANG - SWEET + JULY TAXI DRIVER
743,BATMAN A Good Year
744,KINGSMEN: SECRET SERVICE JO KOY: LIVE FROM THE L. A. FORUSE
745,RAP SHOT
755,INSIDE MAN
756,THE GREEN MILE
757,CHINATOWN
758,AMERICAN PSYCHO HASAN MINHAJ - THE KING'S
759,HASAN MINHAJ - THE KING'S JESTER
760,BRAVEHEART
761,THE HALL
762,PARKS RECREATION
763,CLERKS III
764,RED GABRIEL IGLESIAS: STADIUM FLUFFY
765,WELCOME TO WREXHAM
766,ARI SHAFAR-PASSIVE AGGRESSIVE
767,NIGHTMARE ON ELM STREET BILL BURR IS THAT SO
768,BILL BURR IS THAT SO
769,A FEW GOOD MEN
770,TAYLOR TOMUNSON LOOK AT YOU A FEW GOOD MEN
771,ARI SHAFFIR JEW 
772,WEIRD THE AL YANCOVICH STORY
773,ENOLA HOLMES 2
774,LENTTERKENNY (MAIN)
775,NEAL BRENNAN BLOCKS. KINGS OF COKE
776,KINGS OF COKE
777,STUTZ
778,LETTERKENNY (UNIVERSE)
779,AMSTERDAM
780,SOCIAL NETWORK - ACTOR COMMENT 
781,A FISTFUL OF DOLLARS AR/
782,A FEW DOLLARS MORE
783,RAMY
784,CHICKEN RUN
785,THE GOOD THE BAD THE UGLY 
786,ROMESH RANGANATHAN! THE CYNIC
787,ATLANTA
788,THE WHITE LOTUS
789,A GOOFY MOVIE
790,AN EXTREMELY GOOFY MOVIE
791,THE FABLEMANS
792,BANSHEES OF INISHERIN 
794,AVATAR
795,DIE HARD
796,FIFA WORLD CUP 2022
797,INSIDE MAN GLASS ONION
798,A CHRISTMAS STORY MICKEY'S CHRISTMAS CAROL
799,MICKEY'S CHRISTMAS CAROL
800,MUPPET'S CHRISTMAS CAROL
801,ELF
802,CATCH ME IF YOU CAN
803,RINGS OF POWER VIR DAS LANDING
804,VIR DAS LANDING
805,HOUSE OF DRAGONS
806,ARI SHAFFIR JEW
807,WHITE NOISE
808,KINGSMEN SECLET SERVICE
809,THIS PLACE RULES ROAD TO PERDITION - DC
810,MAD MAX FURY ROAD
812,TAR
813,ROCK NROLLA
814,TRIANGLE OF SADNESS
815,AFTER YANG
816,AFTERSUN
817,NOPE.
818,SUCCESSION
819,RRR
820,WILD 
821,THE VOW
822,RAMY YOUSSEF: FEELINGS DECISION TO LEAVE
823,DECISION TO LEAVE
824,ARI SHAFFIR: PASSIVE AGRESSIVE
825,THE NORTHMAN
826,THE HATCHET WIELDING
827,HITCHHICKER
828,SKYFALL (DC)
829,TOM SEGURA: COMPLETELY NORMAL
830,ARRIVAL
831,THE MENU THE TAKE
832,THE TAKE
833,THE SCARLET THE BLACK
834,HACKS
835,THE GODFATHER-DC
836,YOU PEOPLE
837,NO TIME TO DIE
838,ARI SHAFFIR JEW
839,GODFATHER PART II
840,ALL OR NOTHING ARSENAL
1,GET HIM TO THE GREEK
6,WHO KILLED CAPTAIN ALEX
7,LORD OF THE RINGS: THE FELLOWSHIP OF THE RINGS - EXTENDED EDITION
8,STORY OF MONTREAL CANADIANS STANLEY CUP
9,NARDWAR
