id,title,imdbid,imdbtitle,similarity
1083,LA VIE DE JÉSUS,120448,LA VIE DE JÉSUS,100
1084,VIOLENCE AT NOON,60486,VIOLENCE AT NOON,100
1085,THE VIRGIN SPRING,53976,THE VIRGIN SPRING,100
1086,THE VIRGIN SUICIDES,159097,THE VIRGIN SUICIDES,100
1087,VIRIDIANA,55601,VIRIDIANA,100
1088,LES VISITEURS DU SOIR,35521,LES VISITEURS DU SOIR,100
1089,THE WAGES OF FEAR,5267458,THE WAGES OF FEAR - IMDB,100
1090,WAITING WOMEN,44811,WAITING WOMEN,100
1091,WALKABOUT,67959,WALKABOUT,100
1092,WALK CHEERFULLY,20980,WALK CHEERFULLY,100
1093,WALKER,11006642,WALKER,100
1094,WALPURGIS NIGHT,14103340,WALPURGIS NIGHT,100
1095,WANDA,95159,A FISH CALLED WANDA,100
1096,WAR AND PEACE,3910804,WAR & PEACE,100
1097,THE WARPED ONES,57238,THE WARPED ONES,100
1098,WARRENDALE,62474,WARRENDALE,100
1099,THE WAR ROOM,108515,THE WAR ROOM,100
1100,WATERSHIP DOWN,78480,WATERSHIP DOWN,100
1101,WEEKEND,1714210,WEEKEND,100
1102,WEEKEND,1714210,WEEKEND,100
1103,WESTFRONT 1918,21542,WESTFRONT 1918,100
1104,WILD 90,62492,WILD 90,100
1105,WHEN A WOMAN ASCENDS THE STAIRS,54144,WHEN A WOMAN ASCENDS THE STAIRS,100
1106,WHEN WE WERE KINGS,118147,WHEN WE WERE KINGS,100
1107,WHERE IS THE FRIEND’S HOUSE?,93342,WHERE IS THE FRIEND'S HOUSE?,100
1108,WHITE DOG,84899,WHITE DOG,100
1109,WHITE MANE,44518,WHITE MANE,100
1110,WHITE MATERIAL,1135952,WHITE MATERIAL,100
1111,THE WHITE SHEIK,44000,THE WHITE SHEIK,100
1112,"WHO ARE YOU, POLLY MAGGOO?",60879,"WHO ARE YOU, POLLY MAGGOO?",100
1113,THE WICKED LADY,86582,THE WICKED LADY,100
1114,WILD STRAWBERRIES,50986,WILD STRAWBERRIES,100
1115,WINGS,98948,WINGS,100
1116,WINGS OF DESIRE,93191,WINGS OF DESIRE,100
1117,WINTER LIGHT,57358,WINTER LIGHT,100
1118,WISE BLOOD,80140,WISE BLOOD,100
1119,WITHNAIL AND I,94336,WITHNAIL & I,100
1120,WOMAN IN THE DUNES,58625,WOMAN IN THE DUNES,100
1121,A WOMAN IS A WOMAN,20256528,WHAT IS A WOMAN?,100
1122,WOMAN OF THE YEAR,35567,WOMAN OF THE YEAR,100
1123,A WOMAN’S FACE,34399,A WOMAN'S FACE,100
1124,A WOMAN UNDER THE INFLUENCE,72417,A WOMAN UNDER THE INFLUENCE,100
1125,WOMEN IN LOVE,66579,WOMEN IN LOVE,100
1126,WOMEN ON THE VERGE OF A NERVOUS BREAKDOWN,17157680,WOMEN ON THE VERGE OF A NERVOUS BREAKDOWN,100
1127,WOODEN CROSSES,22787,WOODEN CROSSES,100
1128,WORLD ON A WIRE,595422,THE WORLD ON A WIRE,100
1129,WRITTEN ON THE WIND,49966,WRITTEN ON THE WIND,100
1130,WRONG MOVE,71483,WRONG MOVE,100
1131,THE X FROM OUTER SPACE,4808380,THE X FROM OUTER SPACE,100
1132,YI YI,244316,YI YI: A ONE AND A TWO...,100
1133,YOJIMBO,55630,YOJIMBO,100
1134,ZATOICHI AND THE FUGITIVES,63835,ZATOICHI AND THE FUGITIVES,100
1135,THE YOUNG GIRLS OF ROCHEFORT,62873,THE YOUNG GIRLS OF ROCHEFORT,100
1136,YOUNG MR. LINCOLN,32155,YOUNG MR. LINCOLN,100
1137,YOUNG TÖRLESS,60574,YOUNG TÖRLESS,100
1138,YOUTH OF THE BEAST,57697,YOUTH OF THE BEAST,100
1139,YOYO,59934,YOYO,100
1140,ZATOICHI AND THE CHESS EXPERT,59942,ZATOICHI AND THE CHESS EXPERT,100
1141,ZATOICHI AND THE CHEST OF GOLD,130377,ZATOICHI AND THE CHEST OF GOLD,100
1142,ZATOICHI AT LARGE,202153,ZATOICHI AT LARGE,100
1143,ZATOICHI CHALLENGED,63834,ZATOICHI CHALLENGED,100
1144,ZATOICHI GOES TO THE FIRE FESTIVAL,164982,ZATOICHI GOES TO THE FIRE FESTIVAL,100
1145,ZATOICHI IN DESPERATION,201922,ZATOICHI IN DESPERATION,100
1146,ZATOICHI MEETS THE ONE-ARMED SWORDSMAN,61597,THE ONE-ARMED SWORDSMAN,100
1147,ZATOICHI MEETS YOJIMBO,66603,ZATOICHI MEETS YOJIMBO,100
1148,ZATOICHI’S CANE SWORD,186725,ZATOICHI'S CANE SWORD,100
1149,ZATOICHI’S CONSPIRACY,72439,ZATOICHI'S CONSPIRACY,100
1150,ZATOICHI’S FLASHING SWORD,191664,ZATOICHI'S FLASHING SWORD,100
1151,ZATOICHI’S PILGRIMAGE,199905,ZATOICHI'S PILGRIMAGE,100
1152,ZATOICHI’S REVENGE,123335,ZATOICHI'S REVENGE,100
1153,ZATOICHI’S VENGEANCE,143012,ZATOICHI'S VENGEANCE,100
1154,ZATOICHI THE FUGITIVE,57715,ZATOICHI THE FUGITIVE,100
1155,ZATOICHI THE OUTLAW,62518,ZATOICHI THE OUTLAW,100
1156,ZAZIE DANS LE MÉTRO,54494,ZAZIE DANS LE MÉTRO,100
66,BAND OF OUTSIDERS,57869,BAND OF OUTSIDERS,100
67,THE BANK DICK,32234,THE BANK DICK,100
68,BARCELONA,497465,VICKY CRISTINA BARCELONA,100
57,BABO 73,138311,BABO 73,100
157,EARLY SUMMER,43313,EARLY SUMMER,100
158,A CANTERBURY TALE,36695,A CANTERBURY TALE,100
159,THE CANTERBURY TALES,67647,THE CANTERBURY TALES,100
260,DONKEY SKIN,66207,DONKEY SKIN,100
358,FOX AND HIS FRIENDS,6447124,IRA SACHS ON 'FOX AND HIS FRIENDS',100
553,THE LAST EMPEROR,93389,THE LAST EMPEROR,100
554,LAST HOLIDAY,408985,LAST HOLIDAY,100
644,A MARRIED COUPLE,16231800,"MORE THAN A MARRIED COUPLE, BUT NOT LOVERS.",100
645,THE MASSEURS AND A WOMAN,426900,THE MASSEURS AND A WOMAN,100
649,MATEWAN,93509,MATEWAN,100
745,ONE HOUR WITH YOU,23303,ONE HOUR WITH YOU,100
746,"ONE SINGS, THE OTHER DOESN’T",76855,"ONE SINGS, THE OTHER DOESN''T",100
747,ONE WONDERFUL SUNDAY,39871,ONE WONDERFUL SUNDAY,100
912,SPARTACUS,1442449,SPARTACUS,100
313,FACES,77533,FACES OF DEATH,100
314,FAIL SAFE,58083,FAIL SAFE,100
315,THE FALLEN IDOL,40338,THE FALLEN IDOL,100
316,FANFAN LA TULIPE,305568,FANFAN,100
317,FANNY,83922,FANNY AND ALEXANDER,100
954,THE STORY OF TEMPLE DRAKE,24617,THE STORY OF TEMPLE DRAKE,100
955,THE WHITE ANGEL,1064931,THE WHITE ANGEL,100
956,LA STRADA,47528,LA STRADA,100
957,THE STRANGER,11897478,THE STRANGER,100
958,STRANGER THAN PARADISE,88184,STRANGER THAN PARADISE,100
959,STRAW DOGS,67800,STRAW DOGS,100
960,STREET WITHOUT END,25338,STREET WITHOUT END,100
961,STROMBOLI,12726428,STROMBOLI,100
962,THE SUITOR,56514,THE SUITOR,100
963,SULLIVAN’S TRAVELS,34240,SULLIVAN'S TRAVELS,100
964,SUMMER HOURS,836700,SUMMER HOURS,100
965,SUMMER INTERLUDE,44060,SUMMER INTERLUDE,100
966,SUMMERTIME,4080768,SUMMERTIME,100
967,SUMMER WITH MONIKA,46345,SUMMER WITH MONIKA,100
968,SUNDAY BLOODY SUNDAY,67805,SUNDAY BLOODY SUNDAY,100
969,SUNDAYS AND CYBÈLE,55910,SUNDAYS AND CYBÈLE,100
970,EL SUR,84740,EL SUR,100
971,SUZANNE’S CAREER,56910,SUZANNE'S CAREER,100
972,SWEETIE,98725,SWEETIE,100
973,SWEET MOVIE,72235,SWEET MOVIE,100
974,SWEET SMELL OF SUCCESS,51036,SWEET SMELL OF SUCCESS,100
975,SWING TIME,28333,SWING TIME,100
976,THE SWORD OF DOOM,60277,THE SWORD OF DOOM,100
985,TAMPOPO,92048,TAMPOPO,100
70,BARRY LYNDON,72684,BARRY LYNDON,100
83,BEING JOHN MALKOVICH,120601,BEING JOHN MALKOVICH,100
58,BADLANDS,69762,BADLANDS,100
135,THE BREAKFAST CLUB,88847,THE BREAKFAST CLUB,100
180,CHUNGKING EXPRESS,109424,CHUNGKING EXPRESS,100
216,THE CURIOUS CASE OF BENJAMIN BUTTON,421715,THE CURIOUS CASE OF BENJAMIN BUTTON,100
220,THE DARJEELING LIMITED,838221,THE DARJEELING LIMITED,100
263,DO THE RIGHT THING,97216,DO THE RIGHT THING,100
388,GOOD MORNING,93105,"GOOD MORNING, VIETNAM",100
389,THE GRADUATE,61722,THE GRADUATE,100
556,THE LAST PICTURE SHOW,67328,THE LAST PICTURE SHOW,100
638,THE MAN WHO FELL TO EARTH,10758074,THE MAN WHO FELL TO EARTH,100
672,MODERN TIMES,27977,MODERN TIMES,100
683,MOONRISE,1748122,MOONRISE KINGDOM,100
684,MOONRISE KINGDOM,1748122,MOONRISE KINGDOM,100
787,PHOENIX,373889,HARRY POTTER AND THE ORDER OF THE PHOENIX,100
788,THE PIANO TEACHER,254686,THE PIANO TEACHER,100
820,PUNCH-DRUNK LOVE,272338,PUNCH-DRUNK LOVE,100
901,SEVEN SAMURAI,47478,SEVEN SAMURAI,100
902,THE SEVENTH SEAL,50976,THE SEVENTH SEAL,100
938,STAGECOACH,31971,STAGECOACH,100
945,THE SPY WHO CAME IN FROM THE COLD,59749,THE SPY WHO CAME IN FROM THE COLD,100
1032,TOKYO STORY,46438,TOKYO STORY,100
1045,TRAFFIC,181865,TRAFFIC,100
69,THE BARON OF ARIZONA,42229,THE BARON OF ARIZONA,100
71,BLACK RIVER,280241,BLACK RIVER,100
72,THE BATTLE OF ALGIERS,8050084,"THE BATTLE OF ALGIERS, A FILM WITHIN HISTORY",100
73,BAY OF ANGELS,56846,BAY OF ANGELS,100
74,THE BEALES OF GREY GARDENS,839739,THE BEALES OF GREY GARDENS,100
75,BEASTIE BOYS VIDEO ANTHOLOGY,273456,BEASTIE BOYS: VIDEO ANTHOLOGY,100
76,LE BEAU SERGE,51404,LE BEAU SERGE,100
77,BEAUTY AND THE BEAST,2771200,BEAUTY AND THE BEAST,100
78,BED AND BOARD,65651,BED & BOARD,100
79,BEFORE MIDNIGHT,2209418,BEFORE MIDNIGHT,100
80,BEFORE SUNRISE,112471,BEFORE SUNRISE,100
81,BEFORE SUNSET,381681,BEFORE SUNSET,100
82,BEFORE THE RAIN,110882,BEFORE THE RAIN,100
84,BEING THERE,78841,BEING THERE,100
85,BELLE DE JOUR,61395,BELLE DE JOUR,100
86,BERGMAN ISLAND,6910282,BERGMAN ISLAND,100
87,BREATHLESS,53472,BREATHLESS,100
88,BERLIN ALEXANDERPLATZ,6470924,BERLIN ALEXANDERPLATZ,100
89,LA BÊTE HUMAINE,29957,LA BÊTE HUMAINE,100
90,BLACK PANTHERS,209942,BLACK PANTHERS,100
91,BETTY BLUE,90563,BETTY BLUE,100
92,BEWARE OF A HOLY WHORE,67962,BEWARE OF A HOLY WHORE,100
93,BEYOND THE HILLS,2258281,BEYOND THE HILLS,100
94,BEYOND THE LAW,11161374,BEYOND THE LAW,100
95,BEYOND THE VALLEY OF THE DOLLS,65466,BEYOND THE VALLEY OF THE DOLLS,100
96,BICYCLE THIEVES,40522,BICYCLE THIEVES,100
97,THE BIG CHILL,85244,THE BIG CHILL,100
98,THE BIG CITY,57277,THE BIG CITY,100
99,BIGGER THAN LIFE,49010,BIGGER THAN LIFE,100
100,BILLY LIAR,56868,BILLY LIAR,100
101,BITTER RICE,40737,BITTER RICE,100
102,THE BITTER TEARS OF PETRA VON KANT,68278,THE BITTER TEARS OF PETRA VON KANT,100
103,BLIND CHANCE,84549,BLIND CHANCE,100
104,BREAKING THE WAVES,115751,BREAKING THE WAVES,100
105,BLACK GIRL,60758,BLACK GIRL,100
106,BLACK MOON,72709,BLACK MOON,100
107,BLACK NARCISSUS,39192,BLACK NARCISSUS,100
108,BLACK ORPHEUS,53146,BLACK ORPHEUS,100
109,THE BLACK STALLION,78872,THE BLACK STALLION,100
110,BLACK SUN,6108262,BLACK SUN,100
111,BLAISE PASCAL,66839,BLAISE PASCAL,100
1029,TO BE OR NOT TO BE,35446,TO BE OR NOT TO BE,100
112,LES BLANK: ALWAYS FOR PLEASURE,77154,ALWAYS FOR PLEASURE,100
113,BLAST OF SILENCE,54687,BLAST OF SILENCE,100
114,BLITHE SPIRIT,10334148,BLITHE SPIRIT,100
115,THE BLOB,94761,THE BLOB,100
116,BLONDE VENUS,22698,BLONDE VENUS,100
117,THE BLOOD OF A POET,18941472,THE BLOOD OF A POET,100
118,BLOOD SIMPLE,86979,BLOOD SIMPLE,100
119,BLOOD WEDDING,82088,BLOOD WEDDING,100
120,BLOW OUT,82085,BLOW OUT,100
56,BABETTE’S FEAST,92603,BABETTE'S FEAST,100
59,BAD TIMING,80408,BAD TIMING: A SENSUAL OBSESSION,100
60,THE BAKER’S WIFE,30127,THE BAKER'S WIFE,100
61,THE BAKERY GIRL OF MONCEAU,56884,THE BAKERY GIRL OF MONCEAU,100
62,BALLAD OF A SOLDIER,832280,BALLAD OF A SOLDIER,100
63,THE BALLAD OF GREGORIO CORTEZ,3551840,THE BALLAD OF GREGORIO CORTEZ,100
64,THE BALLAD OF NARAYAMA,84390,THE BALLAD OF NARAYAMA,100
65,BAMBOOZLED,215545,BAMBOOZLED,100
121,BLOW-UP,60176,BLOW-UP,100
122,BLUE VELVET,90756,BLUE VELVET,100
123,BOB LE FLAMBEUR,47892,BOB LE FLAMBEUR,100
124,BODY AND SOUL,5607714,ON BODY AND SOUL,100
125,BORDERLINE,13650814,BORDERLINE - IMDB,100
126,BORDER RADIO,90766,BORDER RADIO,100
127,BOTTLE ROCKET,115734,BOTTLE ROCKET,100
128,BOUDU SAVED FROM DROWNING,11044142,LOOKING BACK ON BOUDU SAVED FROM DROWNING,100
129,BOWLING FOR COLUMBINE,310793,BOWLING FOR COLUMBINE,100
130,BOYHOOD,1065073,BOYHOOD,100
131,BRANDED TO KILL,61882,BRANDED TO KILL,100
132,BRAND UPON THE BRAIN!,443455,BRAND UPON THE BRAIN!,100
133,BRAZIL,88846,BRAZIL,100
134,BREAKER MORANT,80310,BREAKER MORANT,100
136,THE BREAKING POINT,42281,THE BREAKING POINT,100
137,THE  BRIDGE,1733785,THE BRIDGE,100
138,BRIEF ENCOUNTER,37558,BRIEF ENCOUNTER,100
139,A BRIEF HISTORY OF TIME,103882,A BRIEF HISTORY OF TIME,100
140,A BRIGHTER SUMMER DAY,101985,A BRIGHTER SUMMER DAY,100
141,BRINK OF LIFE,52017,BRINK OF LIFE,100
142,BROADCAST NEWS,92699,BROADCAST NEWS,100
143,THE BROOD,78908,THE BROOD,100
144,THE BROWNING VERSION,109340,THE BROWNING VERSION,100
145,CAESAR AND CLEOPATRA,38390,CAESAR AND CLEOPATRA,100
146,BRUTE FORCE,39224,BRUTE FORCE,100
147,BUENA VISTA SOCIAL CLUB,186508,BUENA VISTA SOCIAL CLUB,100
148,BULL DURHAM,94812,BULL DURHAM,100
149,BURDEN OF DREAMS,83702,BURDEN OF DREAMS,100
150,THE BURMESE HARP,49012,THE BURMESE HARP,100
151,BURROUGHS: THE MOVIE,3581384,BURROUGHS: THE MOVIE,100
152,"BY BRAKHAGE: AN ANTHOLOGY, VOLUME ONE",13935772,"BY BRAKHAGE: AN ANTHOLOGY, VOLUME ONE",100
153,LA CAGE AUX FOLLES,77288,LA CAGE AUX FOLLES,100
154,CALCUTTA,39235,CALCUTTA,100
155,CAMERAPERSON,5375040,CAMERAPERSON,100
156,CANOA: A SHAMEFUL MEMORY,131335,CANOA: A SHAMEFUL MEMORY,100
160,CAPRICIOUS SUMMER,63527,CAPRICIOUS SUMMER,100
161,CARLOS,1321865,CARLOS,100
162,COME ON CHILDREN,269104,COME ON CHILDREN,100
163,CARMEN,6875952,CARMEN,100
164,CARNIVAL OF SOULS,55830,CARNIVAL OF SOULS,100
165,CARTESIUS,161382,CARTESIUS,100
166,CASQUE D’OR,43386,CASQUE D'OR,100
167,CAT PEOPLE,83722,CAT PEOPLE,100
168,LE CERCLE ROUGE,65531,LE CERCLE ROUGE,100
169,CERTAIN WOMEN,4468634,CERTAIN WOMEN,100
170,CERTIFIED COPY,1020773,CERTIFIED COPY,100
171,THE CHILDREN ARE WATCHING US,34493,THE CHILDREN ARE WATCHING US,100
172,CHAFED ELBOWS,138355,CHAFED ELBOWS,100
173,CHARADE,56923,CHARADE,100
174,CHARULATA,57935,CHARULATA,100
175,CHASING AMY,118842,CHASING AMY,100
176,LA CHIENNE,21739,LA CHIENNE,100
177,CHILDREN OF PARADISE,37674,CHILDREN OF PARADISE,100
178,CHIMES AT MIDNIGHT,59012,CHIMES AT MIDNIGHT,100
179,CHRONICLE OF A SUMMER,5545692,CHRONICLE OF A SUMMER IN EUROPE,100
181,LA CIÉNAGA,240419,LA CIÉNAGA,100
182,THE CIRCUS,18773,THE CIRCUS,100
183,CITY LIGHTS,21749,CITY LIGHTS,100
184,CLAIRE’S KNEE,65772,CLAIRE'S KNEE,100
185,CLASSE TOUS RISQUES,52698,CLASSE TOUS RISQUES,100
186,"CLEAN, SHAVEN",106579,"CLEAN, SHAVEN",100
187,CLÉO FROM 5 TO 7,55852,CLÉO FROM 5 TO 7,100
188,CLOSELY WATCHED TRAINS,60802,CLOSELY WATCHED TRAINS,100
189,CLOSE-UP,100234,CLOSE-UP,100
190,THE CLOUD-CAPPED STAR,54073,THE CLOUD-CAPPED STAR,100
191,CLOUDS OF SILS MARIA,2452254,CLOUDS OF SILS MARIA,100
192,CLUNY BROWN,38419,CLUNY BROWN,100
193,CODE UNKNOWN,216625,CODE UNKNOWN,100
194,COLD WAR,6543652,COLD WAR,100
195,COLD WATER,109702,COLD WATER,100
196,THE COLOR OF POMEGRANATES,63555,THE COLOR OF POMEGRANATES,100
197,COLOSSAL YOUTH,460480,COLOSSAL YOUTH,100
198,A COLT IS MY PASSPORT,330536,A COLT IS MY PASSPORT,100
199,THE CONFESSION,23872008,THE CONFESSION MUSICAL,100
200,A CONSTANT FORGE,346794,A CONSTANT FORGE,100
201,ERASERHEAD,74486,ERASERHEAD,100
202,CONTEMPT,57345,CONTEMPT,100
203,LE CORBEAU,35753,LE CORBEAU,100
204,CORRIDORS OF BLOOD,51542,CORRIDORS OF BLOOD,100
205,COUP DE GRÂCE,74515,COUP DE GRÂCE,100
206,COUP DE TORCHON,82206,COUP DE TORCHON,100
207,THE CRANES ARE FLYING,12596236,THE CRANES ARE FLYING AND SOVIET CINEMA,100
208,CRAZED FRUIT,160440,CRAZED FRUIT,100
209,CRÍA CUERVOS . . .,74360,CRÍA CUERVOS,100
512,JUBAL,48233,JUBAL,100
210,CRIES AND WHISPERS,69467,CRIES & WHISPERS,100
211,CRISIS,9731682,CRISIS,100
212,CRONOS,104029,CRONOS,100
213,CRUEL GUN STORY,1446089,CRUEL GUN STORY,100
214,CRUMB,109508,CRUMB,100
215,CUL-DE-SAC,60268,CUL-DE-SAC,100
217,DAISIES,60959,DAISIES,100
218,LES DAMES DU BOIS DE BOULOGNE,37630,LES DAMES DU BOIS DE BOULOGNE,100
219,DANTON,83789,DANTON,100
221,DAVID GOLDER,20814,DAVID GOLDER,100
222,DAVID LYNCH: THE ART LIFE,1691152,DAVID LYNCH: THE ART LIFE,100
223,GATE OF FLESH,58409,GATE OF FLESH,100
224,DAY FOR NIGHT,70460,DAY FOR NIGHT,100
225,A DAY IN THE COUNTRY,3177386,A DAY IN THE COUNTRY,100
226,DAY OF WRATH,36506,DAY OF WRATH,100
227,DAYS OF HEAVEN,77405,DAYS OF HEAVEN,100
228,THE DAYTRIPPERS,116041,THE DAYTRIPPERS,100
229,IKIRU,44741,IKIRU,100
230,DAZED AND CONFUSED,106677,DAZED AND CONFUSED,100
231,DEAD MAN,112817,DEAD MAN,100
232,DEAD RINGERS,94964,DEAD RINGERS,100
233,DEATH BY HANGING,63198,DEATH BY HANGING,100
234,DEATH IN VENICE,67445,DEATH IN VENICE,100
235,DEATH OF A CYCLIST,2966760,PANTANI: THE ACCIDENTAL DEATH OF A CYCLIST,100
236,THE DECAMERON,65622,THE DECAMERON,100
237,DEKALOG,92337,DEKALOG,100
238,THE DEVIL’S EYE,53772,THE DEVIL'S EYE,100
239,DESERT HEARTS,89015,DESERT HEARTS,100
240,DESIGN FOR LIVING,23940,DESIGN FOR LIVING,100
241,DESTROY ALL MONSTERS,63172,DESTROY ALL MONSTERS,100
242,DETOUR,37638,DETOUR,100
243,LE DEUXIÈME SOUFFLE,60305,LE DEUXIÈME SOUFFLE,100
244,THE DEVIL IS A WOMAN,26276,THE DEVIL IS A WOMAN,100
245,THE DEVIL’S BACKBONE,256009,THE DEVIL'S BACKBONE,100
246,DHEEPAN,4082068,DHEEPAN,100
247,DIABOLIQUE,116095,DIABOLIQUE,100
248,DIAMONDS OF THE NIGHT,58001,DIAMONDS OF THE NIGHT,100
249,DIARY OF A CHAMBERMAID,38477,THE DIARY OF A CHAMBERMAID,100
250,DIARY OF A COUNTRY PRIEST,583846,DIARY OF A COUNTRY PRIEST,100
251,DILLINGER IS DEAD,62893,DILLINGER IS DEAD,100
252,THE DISCREET CHARM OF THE BOURGEOISIE,68361,THE DISCREET CHARM OF THE BOURGEOISIE,100
253,DISHONORED,21800,DISHONORED,100
254,DIVORCE ITALIAN STYLE,55913,DIVORCE ITALIAN STYLE,100
255,THE DOCKS OF NEW YORK,18839,THE DOCKS OF NEW YORK,100
256,DOCUMENTEUR,82275,DOCUMENTEUR,100
257,DODES’KA-DEN,65649,DODES'KA-DEN,100
258,LA DOLCE VITA,53779,LA DOLCE VITA,100
259,DOLLAR,14895206,DEAD FOR A DOLLAR,100
261,DONT LOOK BACK,61589,BOB DYLAN: DONT LOOK BACK,100
262,DON’T LOOK NOW,69995,DON'T LOOK NOW,100
264,THE DOUBLE LIFE OF VÉRONIQUE,101765,THE DOUBLE LIFE OF VÉRONIQUE,100
265,DOUBLE SUICIDE,64975,DOUBLE SUICIDE,100
266,DOUCE,57187,IRMA LA DOUCE,100
267,LE DOULOS,54821,LE DOULOS,100
268,DOWN BY LAW,90967,DOWN BY LAW,100
269,DOWNHILL RACER,64253,DOWNHILL RACER,100
270,DRAGNET GIRL,24120,DRAGNET GIRL,100
271,DRAGON INN,105859,DRAGON INN,100
272,DREAMS,13652142,MAGAZINE DREAMS,100
273,DRESSED TO KILL,80661,DRESSED TO KILL,100
274,"DRIVE, HE SAID",68509,"DRIVE, HE SAID",100
275,"DR. STRANGELOVE, OR: HOW I LEARNED TO STOP WORRYING AND LOVE THE BOMB",57012,DR. STRANGELOVE OR: HOW I LEARNED TO STOP WORRYING AND LOVE THE BOMB,100
276,THE DRUM,78875,THE TIN DRUM,100
277,DRUNKEN ANGEL,40979,DRUNKEN ANGEL,100
278,DRY SUMMER,62322,DRY SUMMER,100
279,A DRY WHITE SEASON,97243,A DRY WHITE SEASON,100
280,DYING AT GRACE,379269,DYING AT GRACE,100
281,EARLY SPRING,49784,EARLY SPRING,100
282,THE EARRINGS OF MADAME DE . . .,46022,THE EARRINGS OF MADAME DE...,100
283,EASY RIDER,64276,EASY RIDER,100
284,EATING RAOUL,83869,EATING RAOUL,100
285,"EBIRAH, HORROR OF THE DEEP",12892224,"EBIRAH, HORROR OF THE DEEP (1966)",100
286,L’ECLISSE,56736,L'ECLISSE,100
287,EIGHT HOURS DON’T MAKE A DAY,68028,EIGHT HOURS DON'T MAKE A DAY,100
288,AN ENEMY OF THE PEOPLE,75993,AN ENEMY OF THE PEOPLE,100
289,ELECTION,126886,ELECTION,100
290,THE ELEMENT OF CRIME,87280,THE ELEMENT OF CRIME,100
291,ELENA AND HER MEN,49177,ELENA AND HER MEN,100
292,ELEPHANT BOY,28827,ELEPHANT BOY,100
293,ELEVATOR TO THE GALLOWS,51378,ELEVATOR TO THE GALLOWS,100
294,THE EMIGRANTS,4697290,THE EMIGRANTS,100
295,THE EMPEROR JONES,23985,THE EMPEROR JONES,100
296,EMPIRE OF PASSION,77132,EMPIRE OF PASSION,100
297,THE END OF SUMMER,16152178,THE END OF A BRITISH SUMMER,100
298,LES ENFANTS TERRIBLES,42436,LES ENFANTS TERRIBLES,100
299,EQUINOX,10973800,EQUINOX,100
300,EQUINOX FLOWER,51720,EQUINOX FLOWER,100
301,EUROPA,101829,EUROPA,100
302,GODZILLA VS. MECHAGODZILLA,71565,GODZILLA VS. MECHAGODZILLA,100
303,EUROPA EUROPA,99776,EUROPA EUROPA,100
304,EUROPE ’51,43511,EUROPE '51,100
305,EVERLASTING MOMENTS,961066,EVERLASTING MOMENTS,100
306,EVERY MAN FOR HIMSELF,14126274,EVERY MAN FOR HIMSELF - IMDB,100
307,THE EXECUTIONER,4218618,THE BASTARD EXECUTIONER,100
308,THE EXTERMINATING ANGEL,56732,THE EXTERMINATING ANGEL,100
309,EYES WITHOUT A FACE,10279352,EYES WITHOUT A FACE - IMDB,100
310,THE FABULOUS BARON MUNCHAUSEN,54665,THE FABULOUS BARON MUNCHAUSEN,100
311,A FACE IN THE CROWD,50371,A FACE IN THE CROWD,100
312,THE FACE OF ANOTHER,61065,THE FACE OF ANOTHER,100
318,FANNY AND ALEXANDER: TELEVISION VERSION,83922,FANNY AND ALEXANDER,100
319,FANNY AND ALEXANDER: THEATRICAL VERSION,83922,FANNY AND ALEXANDER,100
320,FANTASTIC MR. FOX,432283,FANTASTIC MR. FOX,100
321,FANTASTIC PLANET,70544,FANTASTIC PLANET,100
322,FÅRÖ DOCUMENT,64355,FÅRÖ DOCUMENT,100
323,FÅRÖ DOCUMENT 1979,79187,FÅRÖ DOCUMENT 1979,100
324,FAT GIRL,243255,FAT GIRL,100
325,FEAR AND LOATHING IN LAS VEGAS,120669,FEAR AND LOATHING IN LAS VEGAS,100
326,FELLINI SATYRICON,64940,FELLINI SATYRICON,100
327,FEMALE TROUBLE,72979,FEMALE TROUBLE,100
328,INVASION OF ASTRO-MONSTER,59346,INVASION OF ASTRO-MONSTER,100
329,FESTIVAL,8593904,RIFKIN'S FESTIVAL,100
330,F FOR FAKE,72962,F FOR FAKE,100
331,FIEND WITHOUT A FACE,50393,FIEND WITHOUT A FACE,100
332,FIGHTING ELEGY,60586,FIGHTING ELEGY,100
333,"FIGHT, ZATOICHI, FIGHT",123334,"FIGHT, ZATOICHI, FIGHT",100
334,THE FIREMEN’S BALL,61781,THE FIREMEN'S BALL,100
335,FIRES ON THE PLAIN,53121,FIRES ON THE PLAIN,100
336,THE FIRE WITHIN,57058,THE FIRE WITHIN,100
337,FIRST MAN INTO SPACE,52805,FIRST MAN INTO SPACE,100
338,THE FISHER KING,101889,THE FISHER KING,100
339,FISHING WITH JOHN,139776,FISHING WITH JOHN,100
340,FISH TANK,1232776,FISH TANK,100
341,FISTS IN THE POCKET,59619,FISTS IN THE POCKET,100
342,FIVE EASY PIECES,65724,FIVE EASY PIECES,100
343,GIMME SHELTER,1657510,GIMME SHELTER,100
344,THE FLAVOR OF GREEN TEA OVER RICE,10937534,DAVID BORDWELL ON 'THE FLAVOR OF GREEN TEA OVER RICE',100
345,FLESH FOR FRANKENSTEIN,71508,FLESH FOR FRANKENSTEIN,100
346,FLOATING WEEDS,53390,FLOATING WEEDS,100
347,THE FLOWERS OF ST. FRANCIS,42477,THE FLOWERS OF ST. FRANCIS,100
348,"FLUNKY, WORK HARD",22036,"FLUNKY, WORK HARD!",100
349,FRANCES HA,2347569,FRANCES HA,100
350,FOLLOWING,2071645,THE FOLLOWING,100
351,FOR ALL MANKIND,7772588,FOR ALL MANKIND,100
352,FORBIDDEN GAMES,43686,FORBIDDEN GAMES,100
353,GOD’S COUNTRY,11818818,GOD'S COUNTRY,100
354,FOREIGN CORRESPONDENT,32484,FOREIGN CORRESPONDENT,100
355,THE FORGIVENESS OF BLOOD,1787127,THE FORGIVENESS OF BLOOD,100
356,FORTY GUNS,50407,FORTY GUNS,100
357,THE FOUR FEATHERS,240510,THE FOUR FEATHERS,100
359,FRENCH CANCAN,46998,FRENCH CANCAN,100
360,THE FRENCH LIEUTENANT’S WOMAN,82416,THE FRENCH LIEUTENANT'S WOMAN,100
361,THE FRESHMAN,99615,THE FRESHMAN,100
362,THE FRIENDS OF EDDIE COYLE,70077,THE FRIENDS OF EDDIE COYLE,100
363,FROM THE LIFE OF THE MARIONETTES,80397,FROM THE LIFE OF THE MARIONETTES,100
364,THE FUGITIVE KIND,52832,THE FUGITIVE KIND,100
365,FUNNY GAMES,808279,FUNNY GAMES,100
366,THE FURIES,8228172,THE FURIES,100
367,THE GAME,119174,THE GAME,100
368,GATE OF HELL,45935,GATE OF HELL,100
369,GATES OF HEAVEN,77598,GATES OF HEAVEN,100
370,IL GENERALE DELLA ROVERE,53856,IL GENERALE DELLA ROVERE,100
371,GENERAL IDI AMIN DADA: A SELF-PORTRAIT,71544,GENERAL IDI AMIN DADA: A SELF PORTRAIT,100
372,GENOCIDE,82443,GENOCIDE,100
373,GEORGE WASHINGTON,86720,GEORGE WASHINGTON,100
374,GERMANY YEAR ZERO,39417,GERMANY YEAR ZERO,100
375,GERTRUD,58138,GERTRUD,100
376,GERVAISE,49259,GERVAISE,100
377,"GHIDORAH, THE THREE-HEADED MONSTER",1744971,GHIDORAH: THE THREE-HEADED MONSTER,100
378,GHOST WORLD,162346,GHOST WORLD,100
379,GILDA,38559,GILDA,100
380,GODZILLA,831387,GODZILLA,100
381,GODZILLA RAIDS AGAIN,48127,GODZILLA RAIDS AGAIN,100
382,GODZILLA VS. GIGAN,68371,GODZILLA VS. GIGAN,100
383,GODZILLA VS. HEDORAH,67148,GODZILLA VS. HEDORAH,100
384,GODZILLA VS. MEGALON,70122,GODZILLA VS. MEGALON,100
385,THE GOLDEN COACH,44487,THE GOLDEN COACH,100
386,THE GOLD RUSH,15864,THE GOLD RUSH,100
387,GOMORRAH,2049116,GOMORRAH,100
390,GRADUATION,4936450,GRADUATION,100
391,LE GRAND AMOUR,64390,LE GRAND AMOUR,100
392,GRAND ILLUSION,28950,THE GRAND ILLUSION,100
393,GRAY’S ANATOMY,116447,GRAY'S ANATOMY,100
394,THE GREAT BEAUTY,2358891,THE GREAT BEAUTY,100
395,THE GREAT DICTATOR,32553,THE GREAT DICTATOR,100
396,GREAT EXPECTATIONS,13068346,GREAT EXPECTATIONS,100
397,GREEN FOR DANGER,38577,GREEN FOR DANGER,100
398,I WILL BUY YOU,8913324,EVERCLEAR: I WILL BUY YOU A NEW LIFE,100
399,GREY GARDENS,73076,GREY GARDENS,100
400,LA HAINE,113247,LA HAINE,100
401,HAMLET,116477,HAMLET,100
402,HANDS OVER THE CITY,8587556,HANDS OVER THE CITY,100
403,"MEMORY FOR MAX, CLAIRE, IDA AND COMPANY",478000,"MEMORY FOR MAX, CLAIRE, IDA AND COMPANY",100
404,HARAKIRI,56058,HARAKIRI,100
405,HARD BOILED,104684,HARD BOILED,100
406,A HARD DAY’S NIGHT,58182,A HARD DAY'S NIGHT,100
407,THE HARDER THEY COME,70155,THE HARDER THEY COME,100
408,HAROLD AND MAUDE,67185,HAROLD AND MAUDE,100
409,THE HAUNTED STRANGLER,51706,THE HAUNTED STRANGLER,100
410,LE HAVRE,1508675,LE HAVRE,100
411,HÄXAN,13257,HÄXAN,100
412,HOBSON’S CHOICE,47094,HOBSON'S CHOICE,100
413,HEAD,15383758,THE HEAD OF JOAQUÍN MURRIETA,100
414,HEART OF A DOG,4935446,HEART OF A DOG,100
415,HEARTS AND MINDS,71604,HEARTS AND MINDS,100
416,HEAVEN CAN WAIT,77663,HEAVEN CAN WAIT,100
417,HEAVEN’S GATE,80855,HEAVEN'S GATE,100
821,SANS SOLEIL,84628,SANS SOLEIL,100
418,HEDWIG AND THE ANGRY INCH,248845,HEDWIG AND THE ANGRY INCH,100
419,THE HEIRESS,41452,THE HEIRESS,100
420,HENRY V,97499,HENRY V,100
421,HERE COMES MR. JORDAN,33712,HERE COMES MR. JORDAN,100
422,HERE IS YOUR LIFE,5918798,HERE IS YOUR LIFE: AN INTRODUCTION BY MIKE LEIGH,100
423,THE HERO,5655222,THE HERO,100
424,THE KILLER,1136617,THE KILLER,100
425,THE HIDDEN FORTRESS,51808,THE HIDDEN FORTRESS,100
426,HIGH AND LOW,57565,HIGH AND LOW,100
427,HIROSHIMA MON AMOUR,52893,HIROSHIMA MON AMOUR,100
428,HIS GIRL FRIDAY,32599,HIS GIRL FRIDAY,100
429,THE HIT,87414,THE HIT,100
430,"IVAN THE TERRIBLE, PART I",37824,"IVAN THE TERRIBLE, PART I",100
431,HOLIDAY,457939,THE HOLIDAY,100
432,THE HOME AND THE WORLD,5266698,THE LONG HOME RUN OMAHA AND THE COLLEGE WORLD SERIES,100
433,HOMICIDE,106028,HOMICIDE: LIFE ON THE STREET,100
434,THE HONEYMOON KILLERS,64437,THE HONEYMOON KILLERS,100
435,HOOP DREAMS,110057,HOOP DREAMS,100
436,HOPSCOTCH,80889,HOPSCOTCH,100
437,THE HORSE’S MOUTH,51739,THE HORSE'S MOUTH,100
438,HOUR OF THE WOLF,11268102,THE HOUR OF THE WOLF - IMDB,100
439,HOUSE,412142,HOUSE,100
440,THE HOUSEMAID,1314652,THE HOUSEMAID,100
441,HOUSE OF GAMES,93223,HOUSE OF GAMES,100
442,HOWARDS END,104454,HOWARDS END,100
443,HOW TO GET AHEAD IN ADVERTISING,97531,HOW TO GET AHEAD IN ADVERTISING,100
444,"HUMAIN, TROP HUMAIN",71635,"HUMAIN, TROP HUMAIN",100
445,THE HUMAN CONDITION,53114,THE HUMAN CONDITION I: NO GREATER LOVE,100
446,HUNGER,1392170,THE HUNGER GAMES,100
447,I AM CURIOUS—BLUE,63149,I AM CURIOUS (BLUE),100
448,I AM CURIOUS—YELLOW,61834,I AM CURIOUS (YELLOW),100
449,I AM WAITING,1248984,I AM WAITING,100
450,THE KILLERS,5537002,KILLERS OF THE FLOWER MOON - IMDB,100
451,THE ICE STORM,119349,THE ICE STORM,100
452,"I, DANIEL BLAKE",5168192,"I, DANIEL BLAKE",100
453,IDENTIFICATION OF A WOMAN,84116,IDENTIFICATION OF A WOMAN,100
454,IF....,63850,IF....,100
455,I FIDANZATI,55981,I FIDANZATI,100
456,I HATE BUT LOVE,6793394,I LOVE MY COUNTRY BUT HATE WHAT THEY ARE DOING,100
457,I KNEW HER WELL,60545,I KNEW HER WELL,100
458,I KNOW WHERE I’M GOING!,37800,I KNOW WHERE I'M GOING!,100
459,I LIVE IN FEAR,48198,I LIVE IN FEAR,100
460,I MARRIED A WITCH,34881,I MARRIED A WITCH,100
461,THE IMMORTAL STORY,63127,THE IMMORTAL STORY,100
462,THE IMPORTANCE OF BEING EARNEST,278500,THE IMPORTANCE OF BEING EARNEST,100
463,IN A LONELY PLACE,42593,IN A LONELY PLACE,100
464,IN COLD BLOOD,61809,IN COLD BLOOD,100
465,INDISCRETION OF AN AMERICAN WIFE,193240,INDISCRETION OF AN AMERICAN WIFE,100
466,INGRID BERGMAN: IN HER OWN WORDS,5921014,STIG BJÖRKMAN ON INGRID BERGMAN: IN HER OWN WORDS,100
467,THE INHERITANCE,9271850,THE INHERITANCE - IMDB,100
468,THE INLAND SEA,104510,THE INLAND SEA,100
469,THE KILLERS,5537002,KILLERS OF THE FLOWER MOON - IMDB,100
470,THE IN-LAWS,79336,THE IN-LAWS,100
471,INNOCENCE UNPROTECTED,63342,INNOCENCE UNPROTECTED,100
472,THE INNOCENTS,4028464,THE INNOCENTS,100
473,THE INSECT WOMAN,57363,THE INSECT WOMAN,100
474,INSIANG,77740,INSIANG,100
475,"IVAN THE TERRIBLE, PART II",51790,"IVAN THE TERRIBLE, PART II: THE BOYARS'' PLOT",100
476,INSIDE LLEWYN DAVIS,2042568,INSIDE LLEWYN DAVIS,100
477,INSIGNIFICANCE,89343,INSIGNIFICANCE,100
478,INSOMNIA,278504,INSOMNIA,100
479,INTENTIONS OF MURDER,57829,INTENTIONS OF MURDER,100
480,INTERMEZZO,8253606,"MEKTOUB, MY LOVE: INTERMEZZO",100
481,IN THE HEAT OF THE NIGHT,61811,IN THE HEAT OF THE NIGHT,100
482,IN THE MOOD FOR LOVE,20833922,IN THE MOOD FOR LOVE 2001,100
483,IN THE REALM OF THE SENSES,74102,IN THE REALM OF THE SENSES,100
484,IN VANDA’S ROOM,139500,IN VANDA'S ROOM,100
485,INVENTION FOR DESTRUCTION,52374,INVENTION FOR DESTRUCTION,100
486,INVESTIGATION OF A CITIZEN ABOVE SUSPICION,8867238,INVESTIGATION OF A CITIZEN ABOVE SUSPICION,100
487,IN WHICH WE SERVE,34891,IN WHICH WE SERVE,100
488,I SHOT JESSE JAMES,41497,I SHOT JESSE JAMES,100
489,ISLAND OF LOST SOULS,24188,ISLAND OF LOST SOULS,100
490,IT HAPPENED ONE NIGHT,25316,IT HAPPENED ONE NIGHT,100
491,"IT’S A MAD, MAD, MAD, MAD WORLD",57193,IT'S A MAD MAD MAD MAD WORLD,100
492,IVAN’S CHILDHOOD,56111,IVAN'S CHILDHOOD,100
493,I VITELLONI,46521,I VITELLONI,100
494,I WANNA HOLD YOUR HAND,77714,I WANNA HOLD YOUR HAND,100
495,"I WAS BORN, BUT . . .",1234936,"I WAS BORN, BUT...",100
496,JABBERWOCKY,76221,JABBERWOCKY,100
497,JAPANESE GIRLS AT THE HARBOR,160535,JAPANESE GIRLS AT THE HARBOR,100
498,JAPANESE SUMMER: DOUBLE SUICIDE,62009,JAPANESE SUMMER: DOUBLE SUICIDE,100
499,JAPÓN,322824,JAPÓN,100
500,"JEANNE DIELMAN, 23, QUAI DU COMMERCE, 1080 BRUXELLES",73198,"JEANNE DIELMAN, 23, QUAI DU COMMERCE, 1080 BRUXELLES",100
501,JELLYFISH EYES,2006181,JELLYFISH EYES,100
502,JERICHO,805663,JERICHO,100
503,LA JETÉE,56119,LA JETÉE,100
504,JE TU IL ELLE,71690,JE TU IL ELLE,100
505,NOBODY’S CHILDREN,43532,NOBODY'S CHILDREN,100
506,JIGOKU,154683,JIGOKU,100
507,JIMI PLAYS MONTEREY & SHAKE! OTIS AT MONTEREY,93312,JIMI PLAYS MONTEREY,100
508,THE JOKE,4853102,BATMAN: THE KILLING JOKE,100
509,JOUR DE FÊTE,40497,JOUR DE FÊTE,100
510,JOURNEY TO ITALY,46511,JOURNEY TO ITALY,100
511,JOURNEY TO THE BEGINNING OF TIME,15253812,JOURNEY TO THE BEGINNING OF TIME,100
513,JUBILATION STREET,36977,JUBILATION STREET,100
514,JUBILEE,76240,JUBILEE,100
515,JUDEX,57207,JUDEX,100
516,JULES AND JIM,55032,JULES AND JIM,100
517,JULIET OF THE SPIRITS,59229,JULIET OF THE SPIRITS,100
518,JUNE NIGHT,32655,JUNE NIGHT,100
519,JUNGLE BOOK,3040964,THE JUNGLE BOOK,100
520,KAGEMUSHA,80979,KAGEMUSHA,100
521,THE LAST COMMAND,19071,THE LAST COMMAND,100
522,KANAL,50585,KANAL,100
523,KATZELMACHER,64536,KATZELMACHER,100
524,KES,64541,KES,100
525,KICKING AND SCREAMING,113537,KICKING AND SCREAMING,100
526,THE KID,14586544,BILLY THE KID,100
527,THE LAST DAYS OF DISCO,120728,THE LAST DAYS OF DISCO,100
528,THE KID BROTHER,93338,THE KID BROTHER,100
529,THE KID WITH A BIKE,1827512,THE KID WITH A BIKE,100
530,KILL!,9054904,WHY WOMEN KILL,100
531,THE KILLING,1637727,THE KILLING,100
532,THE KILLING OF A CHINESE BOOKIE,74749,THE KILLING OF A CHINESE BOOKIE,100
533,KIND HEARTS AND CORONETS,41546,KIND HEARTS AND CORONETS,100
534,KING KONG VS. GODZILLA,56142,KING KONG VS. GODZILLA,100
535,KING OF JAZZ,21025,KING OF JAZZ,100
536,THE KING OF KINGS,18054,THE KING OF KINGS,100
537,THE KING OF MARVIN GARDENS,68805,THE KING OF MARVIN GARDENS,100
538,KING OF THE HILL,118375,KING OF THE HILL,100
539,KINGS OF THE ROAD,6387432,KINGS OF THE ROAD,100
540,KISS ME DEADLY,48261,KISS ME DEADLY,100
541,KLUTE,67309,KLUTE,100
542,KNIFE IN THE WATER,1163854,ROMAN POLANSKI AND JERZY SKOLIMOWSKI ON 'KNIFE IN THE WATER',100
543,LIFE IS SWEET,100024,LIFE IS SWEET,100
544,KOKO: A TALKING GORILLA,76097,KOKO: A TALKING GORILLA,100
545,KOYAANISQATSI,85809,KOYAANISQATSI,100
546,KWAIDAN,58279,KWAIDAN,100
547,"LACOMBE, LUCIEN",71733,"LACOMBE, LUCIEN",100
548,THE LADY EVE,33804,THE LADY EVE,100
549,LADY SNOWBLOOD,158714,LADY SNOWBLOOD,100
550,LADY SNOWBLOOD: LOVE SONG OF VENGEANCE,72157,LADY SNOWBLOOD 2: LOVE SONG OF VENGEANCE,100
551,THE LADY VANISHES,30341,THE LADY VANISHES,100
552,THE MEN WHO TREAD ON THE TIGER’S TAIL,38182,THE MEN WHO TREAD ON THE TIGER'S TAIL,100
850,RICHARD III,114279,RICHARD III,100
555,THE LAST METRO,80610,THE LAST METRO,100
557,THE LAST TEMPTATION OF CHRIST,95497,THE LAST TEMPTATION OF CHRIST,100
558,THE LAST WAVE,76299,THE LAST WAVE,100
559,LAST YEAR AT MARIENBAD,54632,LAST YEAR AT MARIENBAD,100
560,L’ATALANTE,24844,L'ATALANTE,100
561,LATE AUTUMN,1542482,LATE AUTUMN,100
562,LATE SPRING,41154,LATE SPRING,100
563,LAW OF THE BORDER,492123,THE LAW OF THE BORDER,100
564,THE LEAGUE OF GENTLEMEN,311429,THE LEAGUE OF EXTRAORDINARY GENTLEMEN,100
565,LEAVE HER TO HEAVEN,37865,LEAVE HER TO HEAVEN,100
566,PLEASURES OF THE FLESH,10129780,PLEASURES OF THE FLESH,100
567,L’ENFANCE NUE,65695,L'ENFANCE NUE,100
568,LENINGRAD COWBOYS GO AMERICA,97728,LENINGRAD COWBOYS GO AMERICA,100
569,LENINGRAD COWBOYS MEET MOSES,107384,LENINGRAD COWBOYS MEET MOSES,100
570,"LÉON MORIN, PRIEST",55082,"LÉON MORIN, PRIEST",100
571,THE LEOPARD,57091,THE LEOPARD,100
572,A LESSON IN LOVE,173797,EMMANUELLE: A LESSON IN LOVE,100
573,LETTER NEVER SENT,53106,LETTER NEVER SENT,100
574,A REPORT ON THE PARTY AND GUESTS,63371,A REPORT ON THE PARTY AND GUESTS,100
575,LET THE SUNSHINE IN,10686452,ARMY OF LOVERS: LET THE SUNSHINE IN,100
576,LETTRES D’AMOUR,154767,LETTRES D'AMOUR,100
577,THE LIFE AND DEATH OF COLONEL BLIMP,36112,THE LIFE AND DEATH OF COLONEL BLIMP,100
578,THE LIFE AQUATIC WITH STEVE ZISSOU,362270,THE LIFE AQUATIC WITH STEVE ZISSOU,100
579,LIFE DURING WARTIME,808526,LIFE DURING WARTIME,100
580,THE LIFE OF OHARU,45112,THE LIFE OF OHARU,100
581,LOLA,130827,RUN LOLA RUN,100
582,LIKE SOMEONE IN LOVE,1843287,LIKE SOMEONE IN LOVE,100
583,LIMELIGHT,44837,LIMELIGHT,100
584,LIONS LOVE (. . . AND LIES),64591,LIONS LOVE (... AND LIES),100
585,THE LIVING MAGOROKU,36034,THE LIVING MAGOROKU,100
586,THE LIVING SKELETON,203635,THE LIVING SKELETON,100
587,LONE WOLF AND CUB: SWORD OF VENGEANCE,68815,LONE WOLF AND CUB: SWORD OF VENGEANCE,100
588,LOCAL HERO,85859,LOCAL HERO,100
589,THE LODGER: A STORY OF THE LONDON FOG,17075,THE LODGER: A STORY OF THE LONDON FOG,100
590,LOLA,130827,RUN LOLA RUN,100
591,LOLA MONTÈS,48308,LOLA MONTÈS,100
592,LONESOME,15258032,LONESOME,100
593,LONE WOLF AND CUB: BABY CART AT THE RIVER STYX,25466676,EPISODE 62: LONE WOLF AND CUB - BABY CART AT THE RIVER STYX (1972),100
594,LONE WOLF AND CUB: BABY CART IN PERIL,25465446,EPISODE 146: LONE WOLF AND CUB: BABY CART IN PERIL (1972),100
595,LONE WOLF AND CUB: BABY CART IN THE LAND OF DEMONS,25465416,EPISODE 148: LONE WOLF AND CUB BABY CART IN THE LAND OF DEMONS (1973),100
596,LONE WOLF AND CUB: BABY CART TO HADES,25466504,EPISODE 75: LONE WOLF AND CUB - BABY CART TO HADES (1972),100
597,THE LONG DAY CLOSES,104753,THE LONG DAY CLOSES,100
598,THE LONG GOOD FRIDAY,81070,THE LONG GOOD FRIDAY,100
599,MORNING FOR THE OSONE FAMILY,38810,MORNING FOR THE OSONE FAMILY,100
600,LORD OF THE FLIES,100054,LORD OF THE FLIES,100
601,THE LOST HONOR OF KATHARINA BLUM,73858,THE LOST HONOR OF KATHARINA BLUM,100
602,LOST IN AMERICA,89504,LOST IN AMERICA,100
603,LOUIE BLUIE,89507,LOUIE BLUIE,100
604,"LOVE AFFAIR, OR THE CASE OF THE MISSING SWITCHBOARD OPERATOR",61912,"LOVE AFFAIR, OR THE CASE OF THE MISSING SWITCHBOARD OPERATOR",100
605,LOVE IN THE AFTERNOON,50658,LOVE IN THE AFTERNOON,100
606,LOVE IS COLDER THAN DEATH,5091082,DEAN WAREHAM: LOVE IS COLDER THAN DEATH,100
607,LOVE ON THE RUN,26757267,ON THE RUN WITH LOVE,100
608,THE LOVE PARADE,20112,THE LOVE PARADE,100
609,THE LOVERS,52556,THE LOVERS,100
610,MURMUR OF THE HEART,67778,MURMUR OF THE HEART,100
611,LOVE STREAMS,87644,LOVE STREAMS,100
612,THE LOWER DEPTHS,50330,THE LOWER DEPTHS,100
613,LUMIÈRE D’ÉTÉ,35001,LUMIÈRE D'ÉTÉ,100
614,THE LURE,5278832,THE LURE,100
615,M,68098,M*A*S*H,100
616,MACBETH,2884018,MACBETH,100
617,MADADAYO,107474,MADADAYO,100
618,MADE IN U.S.A,60647,MADE IN U.S.A,100
619,MADONNA OF THE SEVEN MOONS,37035,MADONNA OF THE SEVEN MOONS,100
620,MAFIOSO,56210,MAFIOSO,100
621,THE MAGIC FLUTE,8206398,THE MAGIC FLUTE,100
622,THE MAGNIFICENT AMBERSONS,35015,THE MAGNIFICENT AMBERSONS,100
623,MAGNIFICENT OBSESSION,47203,MAGNIFICENT OBSESSION,100
624,MAIDSTONE,64625,MAIDSTONE,100
625,MAJOR BARBARA,33868,MAJOR BARBARA,100
626,MAKE WAY FOR TOMORROW,29192,MAKE WAY FOR TOMORROW,100
627,THE MAKING OF FANNY AND ALEXANDER,90955,THE MAKING OF FANNY AND ALEXANDER,100
628,THE MAKIOKA SISTERS,86242,THE MAKIOKA SISTERS,100
629,MALA NOCHE,89537,MALA NOCHE,100
630,MAMMA ROMA,56215,MAMMA ROMA,100
631,MAN BITES DOG,103905,MAN BITES DOG,100
632,THE MANCHURIAN CANDIDATE,56218,THE MANCHURIAN CANDIDATE,100
633,A MAN ESCAPED,49902,A MAN ESCAPED,100
634,MANILA IN THE CLAWS OF LIGHT,73363,MANILA IN THE CLAWS OF LIGHT,100
635,"SANSHIRO SUGATA, PART TWO",38268,"SANSHIRO SUGATA, PART TWO",100
636,THE MAN IN GREY,36135,THE MAN IN GREY,100
637,MAN IS NOT A BIRD,59063,MAN IS NOT A BIRD,100
639,THE MAN WHO KNEW TOO MUCH,49470,THE MAN WHO KNEW TOO MUCH,100
640,LE MARIAGE DE CHIFFON,35039,LE MARIAGE DE CHIFFON,100
641,MARIUS,22125,MARIUS,100
642,MARKETA LAZAROVÁ,63278,MARKETA LAZAROVÁ,100
643,THE MARRIAGE OF MARIA BRAUN,79095,THE MARRIAGE OF MARIA BRAUN,100
646,A MASTER BUILDER,2276069,A MASTER BUILDER,100
647,MASTER OF THE HOUSE,14286056,MASTER OF THE HOUSE - IMDB,100
648,THE MATCH FACTORY GIRL,98532,THE MATCH FACTORY GIRL,100
650,MAYERLING,64645,MAYERLING,100
651,MCCABE & MRS. MILLER,67411,MCCABE & MRS. MILLER,100
652,MEANTIME,82727,MEANTIME,100
653,MEDIUM COOL,64652,MEDIUM COOL,100
654,MEMORIES OF UNDERDEVELOPMENT,63291,MEMORIES OF UNDERDEVELOPMENT,100
655,THE MERCHANT OF FOUR SEASONS,67227,THE MERCHANT OF FOUR SEASONS,100
656,MERRY CHRISTMAS MR. LAWRENCE,85933,MERRY CHRISTMAS MR. LAWRENCE,100
657,METROPOLITAN,100142,METROPOLITAN,100
658,NAKED LUNCH,102511,NAKED LUNCH,100
659,MIDNIGHT COWBOY,64665,MIDNIGHT COWBOY,100
660,THE MIKADO,31650,THE MIKADO,100
661,MIKEY AND NICKY,74901,MIKEY AND NICKY,100
662,MILDRED PIERCE,1492030,MILDRED PIERCE,100
663,THE MILKY WAY,66534,THE MILKY WAY,100
664,LE MILLION,22150,LE MILLION,100
665,MINISTRY OF FEAR,37075,MINISTRY OF FEAR,100
666,LES MISÉRABLES,1707386,LES MISÉRABLES,100
667,MISHIMA: A LIFE IN FOUR CHAPTERS,89603,MISHIMA: A LIFE IN FOUR CHAPTERS,100
668,MISSING,10855768,MISSING,100
669,MISS JULIE,2667960,MISS JULIE,100
670,MISTER JOHNSON,102458,MISTER JOHNSON,100
671,THE MODEL COUPLE,191053,THE MODEL COUPLE,100
673,THE MOMENT OF TRUTH,1166919,THE MOMENT OF TRUTH,100
674,MONA LISA,8760670,MONA LISA AND THE BLOOD MOON,100
675,MON ONCLE,50706,MON ONCLE,100
676,MON ONCLE ANTOINE,67439,MON ONCLE ANTOINE,100
677,MONSIEUR HULOT’S HOLIDAY,46487,MONSIEUR HULOT'S HOLIDAY,100
678,MONSIEUR VERDOUX,39631,MONSIEUR VERDOUX,100
679,MONSOON WEDDING,265343,MONSOON WEDDING,100
680,MONTE CARLO,1067774,MONTE CARLO,100
681,MONTEREY POP,64689,MONTEREY POP,100
682,MONTY PYTHON’S LIFE OF BRIAN,24744508,MONTY PYTHON'S LIFE OF BRIAN,100
685,MOROCCO,21156,MOROCCO,100
686,THE MOST BEAUTIFUL,23556906,THE MOST BEAUTIFUL FLOWER,100
687,THE MOST DANGEROUS GAME,15822738,THE MOST DANGEROUS GAME,100
688,MOTHRA VS. GODZILLA,58379,MOTHRA VS. GODZILLA,100
689,MOUCHETTE,61996,MOUCHETTE,100
690,MR. FREEDOM,64674,MR. FREEDOM,100
691,MR. THANK YOU,29648,"THANK YOU, MR. MOTO",100
692,MULTIPLE MANIACS,67454,MULTIPLE MANIACS,100
693,MY LIFE AS A DOG,118408,MY LIFE AS A DOG,100
694,"MURIEL, OR THE TIME OF RETURN",57336,MURIEL,100
695,MUR MURS,81204,MUR MURS,100
696,THE MUSIC ROOM,51792,THE MUSIC ROOM,100
697,MY BEAUTIFUL LAUNDRETTE,91578,MY BEAUTIFUL LAUNDRETTE,100
698,NAQOYQATSI,145937,NAQOYQATSI,100
699,MY BRILLIANT CAREER,79596,MY BRILLIANT CAREER,100
700,MY CRASY LIFE,104953,MY CRASY LIFE,100
701,MY DARLING CLEMENTINE,38762,MY DARLING CLEMENTINE,100
702,MY MAN GODFREY,28010,MY MAN GODFREY,100
703,MY NIGHT AT MAUD’S,64612,MY NIGHT AT MAUD'S,100
704,MY OWN PRIVATE IDAHO,102494,MY OWN PRIVATE IDAHO,100
705,OLIVER TWIST,380599,OLIVER TWIST,100
706,MYSTERIOUS OBJECT AT NOON,269587,MYSTERIOUS OBJECT AT NOON,100
707,MYSTERY TRAIN,97940,MYSTERY TRAIN,100
708,MY WINNIPEG,1093842,MY WINNIPEG,100
709,NAKED,107653,NAKED,100
710,NEW TALE OF ZATOICHI,57503,NEW TALE OF ZATOICHI,100
711,THE NAKED CITY,40636,THE NAKED CITY,100
822,PURPLE NOON,54189,PURPLE NOON,100
712,THE NAKED ISLAND,56049,THE NAKED ISLAND,100
713,THE NAKED KISS,58390,THE NAKED KISS,100
714,THE NAKED PREY,60736,THE NAKED PREY,100
715,NANOOK OF THE NORTH,13427,NANOOK OF THE NORTH,100
716,NASHVILLE,2281375,NASHVILLE,100
717,NATIVE LAND,35112,NATIVE LAND,100
718,THE NEW LAND,69035,THE NEW LAND,100
719,NEWS FROM HOME,76452,NEWS FROM HOME,100
720,THE NEW WORLD,402399,THE NEW WORLD,100
721,NIGHT AND FOG,48434,NIGHT AND FOG,100
722,NIGHT AND THE CITY,42788,NIGHT AND THE CITY,100
723,THE NIGHT OF THE HUNTER,48424,THE NIGHT OF THE HUNTER,100
724,NIGHT OF THE LIVING DEAD,63350,NIGHT OF THE LIVING DEAD,100
725,NIGHT ON EARTH,102536,NIGHT ON EARTH,100
726,THE NIGHT PORTER,71910,THE NIGHT PORTER,100
727,NIGHTS OF CABIRIA,50783,NIGHTS OF CABIRIA,100
728,SANSHO THE BAILIFF,47445,SANSHO THE BAILIFF,100
729,A NIGHT TO REMEMBER,51994,A NIGHT TO REMEMBER,100
730,NIGHT TRAIN TO MUNICH,32842,NIGHT TRAIN TO MUNICH,100
731,NO BLOOD RELATION,23261,NO BLOOD RELATION,100
732,NO MORE EXCUSES,251300,NO MORE EXCUSES,100
733,NO REGRETS FOR OUR YOUTH,39090,NO REGRETS FOR OUR YOUTH,100
734,OPENING NIGHT,79672,OPENING NIGHT,100
735,EL NORTE,85482,EL NORTE,100
736,À NOS AMOURS,86650,À NOS AMOURS,100
737,NOTORIOUS,38787,NOTORIOUS,100
738,LA NOTTE,54130,LA NOTTE,100
739,LE NOTTI BIANCHE,50782,LE NOTTI BIANCHE,100
740,À NOUS LA LIBERTÉ,22599,À NOUS LA LIBERTÉ,100
741,"NOW, VOYAGER",35140,"NOW, VOYAGER",100
742,ODD MAN OUT,39677,ODD MAN OUT,100
743,OLD JOY,468526,OLD JOY,100
744,ONE-EYED JACKS,55257,ONE-EYED JACKS,100
748,ONIBABA,58430,ONIBABA,100
749,ONLY ANGELS HAVE WINGS,31762,ONLY ANGELS HAVE WINGS,100
750,THE ONLY SON,27752,THE ONLY SON,100
751,PHANTOM INDIA,63914,PHANTOM INDIA,100
752,ON THE WATERFRONT,47296,ON THE WATERFRONT,100
753,PAUL ROBESON: TRIBUTE TO AN ARTIST,79704,PAUL ROBESON: TRIBUTE TO AN ARTIST,100
754,ORDET,48452,ORDET,100
755,THE ORGANIZER,56945,THE ORGANIZER,100
756,ORNAMENTAL HAIRPIN,427424,ORNAMENTAL HAIRPIN,100
757,ORPHEUS,41719,ORPHEUS,100
758,OSAKA ELEGY,28021,OSAKA ELEGY,100
759,OTHELLO,114057,OTHELLO,100
760,THE OTHER SIDE OF HOPE,5222918,THE OTHER SIDE OF HOPE,100
761,OVERLORD,4530422,OVERLORD,100
762,PADDLE TO THE SEA,60810,PADDLE TO THE SEA,100
763,PAISAN,38823,PAISAN,100
764,PALE FLOWER,56327,PALE FLOWER,100
765,THE PALM BEACH STORY,35169,THE PALM BEACH STORY,100
766,PANDORA’S BOX,18737,PANDORA'S BOX,100
767,PANIQUE,38824,PANIQUE,100
768,PAN’S LABYRINTH,457430,PAN'S LABYRINTH,100
769,PARADE,4279012,DEATH PARADE,100
770,PARIS BELONGS TO US,54156,PARIS BELONGS TO US,100
771,PARIS IS BURNING,100332,PARIS IS BURNING,100
772,"PARIS, TEXAS",87884,"PARIS, TEXAS",100
773,PASSING FANCY,23937,PASSING FANCY,100
774,THE PASSION OF JOAN OF ARC,15751782,THE PASSION OF JOAN OF ARC,100
775,PATHER PANCHALI,48473,PATHER PANCHALI,100
776,PATHS OF GLORY,50825,PATHS OF GLORY,100
777,PATRIOTISM,59936,PATRIOTISM,100
778,PEARLS OF THE DEEP,59581,PEARLS OF THE DEEP,100
779,PEEPING TOM,54167,PEEPING TOM,100
780,PEOPLE ON SUNDAY,20163,PEOPLE ON SUNDAY,100
781,PÉPÉ LE MOKO,29453,PÉPÉ LE MOKO,100
782,PERSONA,7920978,PERSONA,100
783,PERSONAL SHOPPER,4714782,PERSONAL SHOPPER,100
784,THE PHANTOM CARRIAGE,12364,THE PHANTOM CARRIAGE,100
785,THE PHANTOM OF LIBERTY,71487,THE PHANTOM OF LIBERTY,100
786,THE PHILADELPHIA STORY,32904,THE PHILADELPHIA STORY,100
789,PICKPOCKET,53168,PICKPOCKET,100
790,PICKUP ON SOUTH STREET,46187,PICKUP ON SOUTH STREET,100
791,PICNIC AT HANGING ROCK,73540,PICNIC AT HANGING ROCK,100
792,PIERROT LE FOU,59592,PIERROT LE FOU,100
793,PIGS AND BATTLESHIPS,54709,PIGS AND BATTLESHIPS,100
794,PINA,1440266,PINA,100
795,PITFALL,40695,PITFALL,100
796,PLACE DE LA RÉPUBLIQUE,71999,PLACE DE LA RÉPUBLIQUE,100
797,LE PLAISIR,45034,LE PLAISIR,100
798,THE PLAYER,105151,THE PLAYER,100
799,PLAYTIME,62136,PLAYTIME,100
800,A POEM IS A NAKED PERSON,424359,A POEM IS A NAKED PERSON,100
801,POIL DE CAROTTE,23345,POIL DE CAROTTE,100
802,LA POINTE COURTE,48499,LA POINTE COURTE,100
803,IL POSTO,55320,IL POSTO,100
804,POLICE STORY,89374,POLICE STORY,100
805,POLICE STORY 2,95403,POLICE STORY 2,100
806,POLYESTER,82926,POLYESTER,100
807,SANDERS OF THE RIVER,26966,SANDERS OF THE RIVER,100
808,THE PORNOGRAPHERS,60560,THE PORNOGRAPHERS,100
809,PORT OF CALL,4417522,PORT OF CALL,100
810,PORT OF FLOWERS,35964,PORT OF FLOWERS,100
811,PORT OF SHADOWS,30643,PORT OF SHADOWS,100
812,POTO AND CABENGO,196866,POTO AND CABENGO,100
813,POWAQQATSI,95895,POWAQQATSI,100
814,THE PRINCESS BRIDE,93779,THE PRINCESS BRIDE,100
815,THE PRIVATE LIFE OF DON JUAN,25681,THE PRIVATE LIFE OF DON JUAN,100
816,THE PRIVATE LIFE OF HENRY VIII,24473,THE PRIVATE LIFE OF HENRY VIII,100
817,SANJURO,56443,SANJURO,100
818,À PROPOS DE NICE,21576,À PROPOS DE NICE,100
819,THE PROUD VALLEY,31828,THE PROUD VALLEY,100
823,PUTNEY SWOPE,64855,PUTNEY SWOPE,100
824,PYGMALION,30637,PYGMALION,100
825,QUADRILLE,30642,QUADRILLE,100
826,QUADROPHENIA,79766,QUADROPHENIA,100
827,QUAI DES ORFÈVRES,39739,QUAI DES ORFÈVRES,100
828,A RAISIN IN THE SUN,55353,A RAISIN IN THE SUN,100
829,RAN,89881,RAN,100
830,RASHOMON,42876,RASHOMON,100
831,RUSTY KNIFE,360946,RUSTY KNIFE,100
832,RATCATCHER,171685,RATCATCHER,100
833,REBECCA,2235695,REBECCA,100
834,THE RED BALLOON,48980,THE RED BALLOON,100
835,RED BEARD,58888,RED BEARD,100
836,SANSHIRO SUGATA,36400,SANSHIRO SUGATA,100
837,RED DESERT,58003,RED DESERT,100
838,REDES,28165,REDES,100
839,RED RIVER,40724,RED RIVER,100
840,THE RED SHOES,40725,THE RED SHOES,100
841,REMBRANDT,28167,REMBRANDT,100
842,REMORQUES,34093,REMORQUES,100
843,REPO MAN,87995,REPO MAN,100
844,REPULSION,59646,REPULSION,100
845,RETURN OF THE PRODIGAL SON,14871492,RETURN OF THE PRODIGAL SON,100
846,REVANCHE,1173745,REVANCHE,100
847,THE RIVER,50212,THE BRIDGE ON THE RIVER KWAI,100
848,A ROOM WITH A VIEW,91867,A ROOM WITH A VIEW,100
849,REVENGE,1837642,REVENGE,100
851,RIDE IN THE WHIRLWIND,59653,RIDE IN THE WHIRLWIND,100
852,RIDE THE PINK HORSE,39768,RIDE THE PINK HORSE,100
853,RIDE WITH THE DEVIL,134154,RIDE WITH THE DEVIL,100
854,RIFIFI,48021,RIFIFI,100
855,RIOT IN CELL BLOCK 11,47417,RIOT IN CELL BLOCK 11,100
856,THE RISE OF CATHERINE THE GREAT,24962,THE RISE OF CATHERINE THE GREAT,100
857,THE RITE,1161864,THE RITE,100
858,A RIVER CALLED TITAS,70809,A RIVER CALLED TITAS,100
859,ROBINSON CRUSOE ON MARS,58530,ROBINSON CRUSOE ON MARS,100
860,ROBOCOP,93870,ROBOCOP,100
861,THE ROCK,117500,THE ROCK,100
862,ROMA,6155172,ROMA,100
863,ROMA,6155172,ROMA,100
864,ROME OPEN CITY,38890,"ROME, OPEN CITY",100
865,LA RONDE,42906,LA RONDE,100
866,ROSEMARY’S BABY,63522,ROSEMARY'S BABY,100
867,ROSETTA,200071,ROSETTA,100
868,ROUTINE PLEASURES,274069,ROUTINE PLEASURES,100
869,THE ROYAL TENENBAUMS,265666,THE ROYAL TENENBAUMS,100
870,THE RULES OF THE GAME,14466362,RULES OF THE GAME,100
871,THE RULING CLASS,69198,THE RULING CLASS,100
872,RUMBLE FISH,86216,RUMBLE FISH,100
873,RUSHMORE,128445,RUSHMORE,100
874,SAFE,7902072,SAFE,100
875,A SAFE PLACE,67699,A SAFE PLACE,100
876,SAFETY LAST!,14429,SAFETY LAST!,100
877,SAMURAI SPY,59303,SAMURAI SPY,100
878,SALESMAN,5186714,THE SALESMAN,100
879,"SALÒ, OR THE 120 DAYS OF SODOM",73650,"SALÒ, OR THE 120 DAYS OF SODOM",100
880,SALVATORE GIULIANO,55399,SALVATORE GIULIANO,100
881,SAMARITAN ZATOICHI,164983,SAMARITAN ZATOICHI,100
882,LE SAMOURAÏ,62229,LE SAMOURAÏ,100
883,SAMURAI II: DUEL AT ICHIJOJI TEMPLE,48579,SAMURAI II: DUEL AT ICHIJOJI TEMPLE,100
884,SAMURAI III: DUEL AT GANRYU ISLAND,49710,SAMURAI III: DUEL AT GANRYU ISLAND,100
885,SAMURAI I: MUSASHI MIYAMOTO,47444,SAMURAI I: MUSASHI MIYAMOTO,100
886,SAMURAI REBELLION,61847,SAMURAI REBELLION,100
887,SAPPHIRE,53242,SAPPHIRE,100
888,SARABAND,299478,SARABAND,100
889,SAWDUST AND TINSEL,45848,SAWDUST AND TINSEL,100
890,SCANDAL,1837576,SCANDAL,100
891,SCANNERS,81455,SCANNERS,100
892,THE SCARLET EMPRESS,25746,THE SCARLET EMPRESS,100
893,SCENES FROM A MARRIAGE,12682218,SCENES FROM A MARRIAGE,100
894,SCHIZOPOLIS,117561,SCHIZOPOLIS,100
895,SECONDS,60955,SECONDS,100
896,SECRET HONOR,88074,SECRET HONOR,100
897,SECRET SUNSHINE,817225,SECRET SUNSHINE,100
898,SEDUCED AND ABANDONED,58564,SEDUCED AND ABANDONED,100
899,SENSO,47469,SENSO,100
900,THE SERPENT’S EGG,76686,THE SERPENT'S EGG,100
903,"SEX, LIES, AND VIDEOTAPE",98724,"SEX, LIES, AND VIDEOTAPE",100
904,WOMEN OF THE NIGHT,177997,WOMEN OF THE NIGHT,100
905,SHADOWS,7908628,WHAT WE DO IN THE SHADOWS,100
906,SHADOWS IN PARADISE,92149,SHADOWS IN PARADISE,100
907,SHALLOW GRAVE,111149,SHALLOW GRAVE,100
908,SHAME,1723811,SHAME,100
909,SHAMPOO,73692,SHAMPOO,100
910,SHANGHAI EXPRESS,23458,SHANGHAI EXPRESS,100
911,A SHIP TO INDIA,39834,A SHIP TO INDIA,100
913,LE SILENCE DE LA MER,39822,LE SILENCE DE LA MER,100
914,SHOAH,90015,SHOAH,100
915,SHOCK CORRIDOR,57495,SHOCK CORRIDOR,100
916,THE SHOOTING,62262,THE SHOOTING,100
917,SHOOT THE PIANO PLAYER,13333156,DON'T SHOOT THE PIANO PLAYER - IMDB,100
918,THE SHOP ON MAIN STREET,59527,THE SHOP ON MAIN STREET,100
919,SHORT CUTS,108122,SHORT CUTS,100
920,SHOW BOAT,44030,SHOW BOAT,100
921,SID & NANCY,91954,SID AND NANCY,100
922,THE SILENCE,102926,THE SILENCE OF THE LAMBS,100
923,THE SILENCE OF THE LAMBS,102926,THE SILENCE OF THE LAMBS,100
924,SIMON OF THE DESERT,59719,SIMON OF THE DESERT,100
925,SING A SONG OF SEX,62042,SING A SONG OF SEX,100
926,SISTERS,15469618,BAD SISTERS,100
927,SISTERS OF THE GION,1996419,THE SISTERS OF GION,100
928,SLACKER,102943,SLACKER,100
929,STREET OF SHAME,48933,STREET OF SHAME,100
930,SMILES OF A SUMMER NIGHT,48641,SMILES OF A SUMMER NIGHT,100
931,THE SMILING LIEUTENANT,22074,THE SMILING LIEUTENANT,100
932,SMITHEREENS,84698,SMITHEREENS,100
933,THE SOFT SKIN,58458,THE SOFT SKIN,100
934,SOLARIS,69293,SOLARIS,100
935,SÓLO CON TU PAREJA,102958,SÓLO CON TU PAREJA,100
936,SOME LIKE IT HOT,53291,SOME LIKE IT HOT,100
937,SOMETHING WILD,91983,SOMETHING WILD,100
939,SOMETHING WILD,91983,SOMETHING WILD,100
940,SON OF GODZILLA,61856,SON OF GODZILLA,100
941,IL SORPASSO,56512,IL SORPASSO,100
942,A SPECIAL DAY,76085,A SPECIAL DAY,100
943,SPEEDY,19412,SPEEDY,100
944,SPELLBOUND,38109,SPELLBOUND,100
946,THE SQUID AND THE WHALE,367089,THE SQUID AND THE WHALE,100
947,STALKER,79944,STALKER,100
948,STATE OF SIEGE,70959,STATE OF SIEGE,100
949,THE STEEL HELMET,44072,THE STEEL HELMET,100
950,STILL WALKING,1087578,STILL WALKING,100
951,STOLEN KISSES,62695,STOLEN KISSES,100
952,A STORY FROM CHIKAMATSU,46851,A STORY FROM CHIKAMATSU,100
953,A STORY OF FLOATING WEEDS,25929,A STORY OF FLOATING WEEDS,100
977,SYLVIE ET LE FANTÔME,38146,SYLVIE ET LE FANTÔME,100
978,THAT NIGHT’S WIFE,21406,THAT NIGHT'S WIFE,100
979,SYMBIOPSYCHOTAXIPLASM,296881,SYMBIOPSYCHOTAXIPLASM: TAKE ONE,100
980,TAIPEI STORY,89866,TAIPEI STORY,100
981,THE TAKING OF POWER BY LOUIS XIV,60860,THE TAKING OF POWER BY LOUIS XIV,100
982,THE TALE OF ZATOICHI,56714,THE TALE OF ZATOICHI,100
983,THE TALE OF ZATOICHI CONTINUES,200309,THE TALE OF ZATOICHI CONTINUES,100
984,THE TALES OF HOFFMANN,44103,THE TALES OF HOFFMANN,100
986,TANNER ’88,94562,TANNER '88,100
987,TASTE OF CHERRY,120265,TASTE OF CHERRY,100
988,A TASTE OF HONEY,55506,A TASTE OF HONEY,100
989,TEOREMA,63678,TEOREMA,100
990,TERROR OF MECHAGODZILLA,73373,TERROR OF MECHAGODZILLA,100
991,TESS,80009,TESS,100
992,THE TESTAMENT OF DR. MABUSE,23563,THE TESTAMENT OF DR. MABUSE,100
993,TESTAMENT OF ORPHEUS,54377,TESTAMENT OF ORPHEUS,100
994,THAT HAMILTON WOMAN,34272,THAT HAMILTON WOMAN,100
995,THAT OBSCURE OBJECT OF DESIRE,7781798,"MOTHER AND SON; OR, THAT OBSCURE OBJECT OF DESIRE (SCENES FROM AN ANAMORPHIC DOUBLE FEATURE)",100
996,THE BAD SLEEP WELL,14242506,THE BAD SLEEP WELL,100
997,THE IDIOT,43614,THE IDIOT,100
998,THE LOWER DEPTHS,50330,THE LOWER DEPTHS,100
999,THE PRINCE OF TIDES,102713,THE PRINCE OF TIDES,100
1000,THEY LIVE BY NIGHT,40872,THEY LIVE BY NIGHT,100
1001,THE THICK-WALLED ROOM,134756,THE THICK-WALLED ROOM,100
1002,THIEF,83190,THIEF,100
1003,THE THIEF OF BAGDAD,33152,THE THIEF OF BAGDAD,100
1004,THIEVES’ HIGHWAY,41958,THIEVES' HIGHWAY,100
1005,THE THIN BLUE LINE,96257,THE THIN BLUE LINE,100
1006,THINGS TO COME,4120176,THINGS TO COME,100
1007,THE THIN RED LINE,120863,THE THIN RED LINE,100
1008,THE THIRD MAN,41959,THE THIRD MAN,100
1009,THIRST,762073,THIRST,100
1010,THIRST FOR LOVE,60082,THIRST FOR LOVE,100
1011,THIS HAPPY BREED,37367,THIS HAPPY BREED,100
1012,THIS SPORTING LIFE,57578,THIS SPORTING LIFE,100
1013,THREE COLORS: BLUE,108394,THREE COLORS: BLUE,100
1014,THREE COLORS: RED,111495,THREE COLORS: RED,100
1015,THREE COLORS: WHITE,111507,THREE COLORS: WHITE,100
1016,THREE OUTLAW SAMURAI,58652,THREE OUTLAW SAMURAI,100
1017,THE THREEPENNY OPERA,22235,THE THREEPENNY OPERA,100
1018,THREE RESURRECTED DRUNKARDS,63169,THREE RESURRECTED DRUNKARDS,100
1019,THRONE OF BLOOD,50613,THRONE OF BLOOD,100
1020,THROUGH A GLASS DARKLY,7177700,"THROUGH A GLASS, DARKLY",100
1021,THROUGH THE OLIVE TREES,111845,THROUGH THE OLIVE TREES,100
1022,TOKYO DRIFTER,61101,TOKYO DRIFTER,100
1023,TOKYO OLYMPIAD,59817,TOKYO OLYMPIAD,100
1024,TIE ME UP! TIE ME DOWN!,101026,TIE ME UP! TIE ME DOWN!,100
1025,TIME BANDITS,81633,TIME BANDITS,100
1026,THE TIMES OF HARVEY MILK,88275,THE TIMES OF HARVEY MILK,100
1027,THE TIN DRUM,78875,THE TIN DRUM,100
1028,TINY FURNITURE,1570989,TINY FURNITURE,100
1030,TO JOY,3009772,ODE TO JOY,100
1031,TOKYO CHORUS,22485,TOKYO CHORUS,100
1033,TOKYO TWILIGHT,51093,TOKYO TWILIGHT,100
1034,TOM JONES,57590,TOM JONES,100
1035,TOOTSIE,84805,TOOTSIE,100
1036,TOPSY-TURVY,151568,TOPSY-TURVY,100
1037,TORMENT,109731,TORMENT,100
1038,TORMENTO,46447,TORMENTO,100
1039,TO SLEEP WITH ANGER,100791,TO SLEEP WITH ANGER,100
1040,TOTAL BALALAIKA SHOW,111460,TOTAL BALALAIKA SHOW,100
1041,THE TOUCH,79938,THE TOUCH,100
1042,TOUCHEZ PAS AU GRISBI,46451,TOUCHEZ PAS AU GRISBI,100
1043,A TOUCH OF ZEN,5919120,ANG LEE ON A TOUCH OF ZEN,100
1044,TOUT VA BIEN,69398,TOUT VA BIEN,100
1046,TRAFIC,69400,TRAFIC,100
1047,TRANCES,406280,TRANCES,100
1048,THE TREE OF LIFE,478304,THE TREE OF LIFE,100
1049,THE TREE OF WOODEN CLOGS,77138,THE TREE OF WOODEN CLOGS,100
1050,LE TROU,54407,LE TROU,100
1051,TROUBLE IN PARADISE,23622,TROUBLE IN PARADISE,100
1052,TRUE STORIES,92117,TRUE STORIES,100
1053,TUNES OF GLORY,54412,TUNES OF GLORY,100
1054,TWENTY-FOUR EYES,47281,TWENTY-FOUR EYES,100
1055,TWIN PEAKS: FIRE WALK WITH ME,105665,TWIN PEAKS: FIRE WALK WITH ME,100
1056,TWO-LANE BLACKTOP,67893,TWO-LANE BLACKTOP,100
1057,THE TWO OF US,90538,THE TWO OF US,100
1058,TWO TONS OF TURQUOISE TO TAOS TONIGHT,427550,TWO TONS OF TURQUOISE TO TAOS TONIGHT,100
1059,UGETSU,46478,UGETSU,100
1060,UMBERTO D.,45274,UMBERTO D.,100
1061,THE UMBRELLAS OF CHERBOURG,58450,THE UMBRELLAS OF CHERBOURG,100
1062,THE UNBEARABLE LIGHTNESS OF BEING,96332,THE UNBEARABLE LIGHTNESS OF BEING,100
1063,UNCLE YANCO,179389,UNCLE YANCO,100
1064,UNDER THE VOLCANO,88322,UNDER THE VOLCANO,100
1065,UNDERWORLD,320691,UNDERWORLD,100
1066,UNE CHAMBRE EN VILLE,84843,UNE CHAMBRE EN VILLE,100
1067,UNFAITHFULLY YOURS,88326,UNFAITHFULLY YOURS,100
1068,THE UNINVITED,815245,THE UNINVITED,100
1069,UNTIL THE END OF THE WORLD,14772694,U2: UNTIL THE END OF THE WORLD,100
1070,VAGABOND,8523042,VAGABOND,100
1071,VALERIE AND HER WEEK OF WONDERS,66516,VALERIE AND HER WEEK OF WONDERS,100
1072,VALLEY OF THE DOLLS,62430,VALLEY OF THE DOLLS,100
1073,VAMPYR,23649,VAMPYR,100
1074,THE VANISHING,4131496,THE VANISHING,100
1075,VANYA ON 42ND STREET,111590,VANYA ON 42ND STREET,100
1076,VARIETY LIGHTS,42692,VARIETY LIGHTS,100
1077,VENGEANCE IS MINE,79182,VENGEANCE IS MINE,100
1078,"VERNON, FLORIDA",83281,"VERNON, FLORIDA",100
1079,VERONIKA VOSS,84654,VERONIKA VOSS,100
1080,VICTIM,26453507,THE 12TH VICTIM,100
1081,VIVRE SA VIE,56663,VIVRE SA VIE,100
1082,VIDEODROME,86541,VIDEODROME,100
